Date,cfs.daily
1999-09-01,0
1999-09-02,0
1999-09-03,0
1999-09-04,0
1999-09-05,0
1999-09-06,0
1999-09-07,0
1999-09-08,0
1999-09-09,0
1999-09-10,0
1999-09-11,0
1999-09-12,0
1999-09-13,0
1999-09-14,0
1999-09-15,0
1999-09-16,0
1999-09-17,0
1999-09-18,0
1999-09-19,0
1999-09-20,0
1999-09-21,0.31772
1999-09-22,0.25856
1999-09-23,0
1999-09-24,0
1999-09-25,0.27097
1999-09-26,0.58073
1999-09-27,0.60273
1999-09-28,0.2136
1999-09-29,0
1999-09-30,0
1999-10-01,0
1999-10-02,0
1999-10-03,0
1999-10-04,0
1999-10-05,0
1999-10-06,0
1999-10-07,0
1999-10-08,0
1999-10-09,0
1999-10-10,0
1999-10-11,0
1999-10-12,0
1999-10-13,0
1999-10-14,0
1999-10-15,0.38091
1999-10-16,2.94228
1999-10-17,2.62766
1999-10-18,2.43017
1999-10-19,2.18454
1999-10-20,2.03889
1999-10-21,1.95338
1999-10-22,1.4019
1999-10-23,0.60404
1999-10-24,0.596
1999-10-25,0.1861
1999-10-26,0.36667
1999-10-27,0.50264
1999-10-28,0.49066
1999-10-29,0.15494
1999-10-30,0
1999-10-31,0
1999-11-01,0
1999-11-02,0
1999-11-03,0
1999-11-04,0
1999-11-05,0
1999-11-06,0
1999-11-07,0
1999-11-08,0
1999-11-09,0
1999-11-10,0
1999-11-11,0
1999-11-12,0
1999-11-13,0
1999-11-14,0
1999-11-15,0
1999-11-16,0
1999-11-17,0
1999-11-18,0
1999-11-19,0
1999-11-20,0
1999-11-21,0
1999-11-22,0
1999-11-23,0
1999-11-24,0
1999-11-25,0
1999-11-26,0
1999-11-27,0
1999-11-28,0
1999-11-29,0
1999-11-30,0
1999-12-01,0
1999-12-02,0
1999-12-03,0
1999-12-04,0
1999-12-05,0
1999-12-06,0
1999-12-07,0
1999-12-08,0
1999-12-09,0
1999-12-10,0
1999-12-11,0
1999-12-12,0
1999-12-13,0
1999-12-14,0
1999-12-15,0
1999-12-16,0
1999-12-17,0
1999-12-18,0
1999-12-19,0
1999-12-20,0
1999-12-21,0
1999-12-22,0
1999-12-23,0
1999-12-24,0
1999-12-25,0
1999-12-26,0
1999-12-27,0
1999-12-28,0
1999-12-29,0
1999-12-30,0
1999-12-31,0
2000-01-01,0
2000-01-02,0
2000-01-03,0
2000-01-04,0
2000-01-05,0
2000-01-06,0
2000-01-07,0
2000-01-08,0
2000-01-09,0
2000-01-10,0
2000-01-11,0
2000-01-12,0
2000-01-13,0
2000-01-14,0
2000-01-15,0
2000-01-16,0
2000-01-17,0
2000-01-18,0
2000-01-19,0
2000-01-20,0
2000-01-21,0
2000-01-22,0
2000-01-23,0
2000-01-24,0
2000-01-25,0
2000-01-26,0
2000-01-27,0
2000-01-28,0
2000-01-29,0
2000-01-30,0
2000-01-31,0
2000-02-01,0
2000-02-02,0
2000-02-03,0
2000-02-04,0
2000-02-05,0
2000-02-06,0
2000-02-07,0
2000-02-08,0
2000-02-09,0
2000-02-10,0
2000-02-11,0
2000-02-12,0
2000-02-13,0
2000-02-14,0
2000-02-15,0
2000-02-16,0
2000-02-17,0
2000-02-18,0
2000-02-19,0
2000-02-20,0
2000-02-21,0
2000-02-22,0
2000-02-23,0
2000-02-24,0
2000-02-25,0
2000-02-26,0
2000-02-27,0
2000-02-28,0
2000-02-29,0
2000-03-01,0
2000-03-02,0
2000-03-03,0
2000-03-04,0
2000-03-05,0
2000-03-06,0
2000-03-07,0
2000-03-08,0
2000-03-09,0
2000-03-10,0
2000-03-11,0
2000-03-12,0
2000-03-13,0
2000-03-14,0
2000-03-15,0
2000-03-16,0
2000-03-17,0
2000-03-18,0
2000-03-19,0
2000-03-20,0
2000-03-21,0
2000-03-22,0
2000-03-23,0
2000-03-24,0
2000-03-25,0
2000-03-26,0
2000-03-27,0
2000-03-28,0
2000-03-29,0
2000-03-30,0
2000-03-31,0
2000-04-01,0
2000-04-02,0
2000-04-03,0
2000-04-04,0
2000-04-05,0
2000-04-06,0
2000-04-07,0
2000-04-08,0
2000-04-09,0
2000-04-10,0
2000-04-11,0
2000-04-12,0
2000-04-13,0
2000-04-14,0
2000-04-15,0
2000-04-16,0
2000-04-17,0
2000-04-18,0
2000-04-19,0
2000-04-20,0
2000-04-21,0
2000-04-22,0
2000-04-23,0
2000-04-24,0
2000-04-25,0
2000-04-26,0
2000-04-27,0
2000-04-28,0
2000-04-29,0
2000-04-30,0
2000-05-01,0
2000-05-02,0
2000-05-03,0
2000-05-04,0
2000-05-05,0
2000-05-06,0
2000-05-07,0
2000-05-08,0
2000-05-09,0
2000-05-10,0
2000-05-11,0
2000-05-12,0
2000-05-13,0
2000-05-14,0
2000-05-15,0
2000-05-16,0
2000-05-17,0
2000-05-18,0
2000-05-19,0
2000-05-20,0
2000-05-21,0
2000-05-22,0
2000-05-23,0
2000-05-24,0
2000-05-25,0
2000-05-26,0
2000-05-27,0
2000-05-28,0
2000-05-29,0
2000-05-30,0
2000-05-31,0
2000-06-01,0
2000-06-02,0
2000-06-03,0
2000-06-04,0
2000-06-05,0
2000-06-06,0
2000-06-07,0
2000-06-08,0
2000-06-09,0
2000-06-10,0
2000-06-11,0
2000-06-12,0
2000-06-13,0
2000-06-14,0
2000-06-15,0
2000-06-16,0
2000-06-17,0
2000-06-18,0
2000-06-19,0
2000-06-20,0
2000-06-21,0
2000-06-22,0
2000-06-23,0
2000-06-24,0
2000-06-25,0
2000-06-26,0
2000-06-27,0
2000-06-28,0
2000-06-29,0
2000-06-30,0
2000-07-01,0
2000-07-02,0
2000-07-03,0
2000-07-04,0
2000-07-05,0
2000-07-06,0
2000-07-07,0
2000-07-08,0
2000-07-09,0
2000-07-10,0
2000-07-11,0
2000-07-12,0
2000-07-13,0
2000-07-14,0
2000-07-15,0
2000-07-16,0
2000-07-17,0
2000-07-18,0
2000-07-19,0
2000-07-20,0
2000-07-21,0
2000-07-22,0
2000-07-23,0
2000-07-24,0
2000-07-25,0
2000-07-26,0
2000-07-27,0
2000-07-28,0
2000-07-29,0
2000-07-30,0
2000-07-31,0
2000-08-01,0
2000-08-02,0
2000-08-03,0
2000-08-04,0
2000-08-05,0
2000-08-06,0
2000-08-07,0
2000-08-08,0
2000-08-09,0
2000-08-10,0
2000-08-11,0
2000-08-12,0
2000-08-13,0
2000-08-14,0
2000-08-15,0
2000-08-16,0
2000-08-17,0
2000-08-18,0
2000-08-19,0
2000-08-20,0
2000-08-21,0
2000-08-22,0
2000-08-23,0
2000-08-24,0
2000-08-25,0
2000-08-26,0
2000-08-27,0
2000-08-28,0
2000-08-29,0
2000-08-30,0
2000-08-31,0
2000-09-01,0
2000-09-02,0
2000-09-03,0
2000-09-04,0
2000-09-05,0
2000-09-06,0
2000-09-07,0
2000-09-08,0
2000-09-09,0
2000-09-10,0
2000-09-11,0
2000-09-12,0.37644
2000-09-13,0.26528
2000-09-14,0
2000-09-15,0
2000-09-16,0
2000-09-17,0
2000-09-18,0
2000-09-19,0
2000-09-20,0
2000-09-21,0
2000-09-22,0
2000-09-23,0
2000-09-24,0
2000-09-25,0
2000-09-26,0
2000-09-27,0
2000-09-28,0
2000-09-29,0
2000-09-30,0
2000-10-01,0
2000-10-02,0
2000-10-03,0.82786
2000-10-04,2.10297
2000-10-05,2.20413
2000-10-06,2.20402
2000-10-07,1.90672
2000-10-08,1.13531
2000-10-09,0.59642
2000-10-10,0.21194
2000-10-11,0.30988
2000-10-12,0.29851
2000-10-13,0.22433
2000-10-14,0.18859
2000-10-15,0
2000-10-16,0
2000-10-17,0
2000-10-18,0
2000-10-19,0
2000-10-20,0
2000-10-21,0
2000-10-22,0
2000-10-23,0
2000-10-24,0
2000-10-25,0
2000-10-26,0
2000-10-27,0
2000-10-28,0
2000-10-29,0
2000-10-30,0
2000-10-31,0
2000-11-01,0
2000-11-02,0
2000-11-03,0
2000-11-04,0
2000-11-05,0
2000-11-06,0
2000-11-07,0
2000-11-08,0
2000-11-09,0
2000-11-10,0
2000-11-11,0
2000-11-12,0
2000-11-13,0
2000-11-14,0
2000-11-15,0
2000-11-16,0
2000-11-17,0
2000-11-18,0
2000-11-19,0
2000-11-20,0
2000-11-21,0
2000-11-22,0
2000-11-23,0
2000-11-24,0
2000-11-25,0
2000-11-26,0
2000-11-27,0
2000-11-28,0
2000-11-29,0
2000-11-30,0
2000-12-01,0
2000-12-02,0
2000-12-03,0
2000-12-04,0
2000-12-05,0
2000-12-06,0
2000-12-07,0
2000-12-08,0
2000-12-09,0
2000-12-10,0
2000-12-11,0
2000-12-12,0
2000-12-13,0
2000-12-14,0
2000-12-15,0
2000-12-16,0
2000-12-17,0
2000-12-18,0
2000-12-19,0
2000-12-20,0
2000-12-21,0
2000-12-22,0
2000-12-23,0
2000-12-24,0
2000-12-25,0
2000-12-26,0
2000-12-27,0
2000-12-28,0
2000-12-29,0
2000-12-30,0
2000-12-31,0
2001-01-01,0
2001-01-02,0
2001-01-03,0
2001-01-04,0
2001-01-05,0
2001-01-06,0
2001-01-07,0
2001-01-08,0
2001-01-09,0
2001-01-10,0
2001-01-11,0
2001-01-12,0
2001-01-13,0
2001-01-14,0
2001-01-15,0
2001-01-16,0
2001-01-17,0
2001-01-18,0
2001-01-19,0
2001-01-20,0
2001-01-21,0
2001-01-22,0
2001-01-23,0
2001-01-24,0
2001-01-25,0
2001-01-26,0
2001-01-27,0
2001-01-28,0
2001-01-29,0
2001-01-30,0
2001-01-31,0
2001-02-01,0
2001-02-02,0
2001-02-03,0
2001-02-04,0
2001-02-05,0
2001-02-06,0
2001-02-07,0
2001-02-08,0
2001-02-09,0
2001-02-10,0
2001-02-11,0
2001-02-12,0
2001-02-13,0
2001-02-14,0
2001-02-15,0
2001-02-16,0
2001-02-17,0
2001-02-18,0
2001-02-19,0
2001-02-20,0
2001-02-21,0
2001-02-22,0
2001-02-23,0
2001-02-24,0
2001-02-25,0
2001-02-26,0
2001-02-27,0
2001-02-28,0
2001-03-01,0
2001-03-02,0
2001-03-03,0
2001-03-04,0
2001-03-05,0
2001-03-06,0
2001-03-07,0
2001-03-08,0
2001-03-09,0
2001-03-10,0
2001-03-11,0
2001-03-12,0
2001-03-13,0
2001-03-14,0
2001-03-15,0
2001-03-16,0
2001-03-17,0
2001-03-18,0
2001-03-19,0
2001-03-20,0
2001-03-21,0
2001-03-22,0
2001-03-23,0
2001-03-24,0
2001-03-25,0
2001-03-26,0
2001-03-27,0
2001-03-28,0
2001-03-29,0
2001-03-30,0
2001-03-31,0
2001-04-01,0
2001-04-02,0
2001-04-03,0
2001-04-04,0
2001-04-05,0
2001-04-06,0
2001-04-07,0
2001-04-08,0
2001-04-09,0
2001-04-10,0
2001-04-11,0
2001-04-12,0
2001-04-13,0
2001-04-14,0
2001-04-15,0
2001-04-16,0
2001-04-17,0
2001-04-18,0
2001-04-19,0
2001-04-20,0
2001-04-21,0
2001-04-22,0
2001-04-23,0
2001-04-24,0
2001-04-25,0
2001-04-26,0
2001-04-27,0
2001-04-28,0
2001-04-29,0
2001-04-30,0
2001-05-01,0
2001-05-02,0
2001-05-03,0
2001-05-04,0
2001-05-05,0
2001-05-06,0
2001-05-07,0
2001-05-08,0
2001-05-09,0
2001-05-10,0
2001-05-11,0
2001-05-12,0
2001-05-13,0
2001-05-14,0
2001-05-15,0
2001-05-16,0
2001-05-17,0
2001-05-18,0
2001-05-19,0
2001-05-20,0
2001-05-21,0
2001-05-22,0
2001-05-23,0
2001-05-24,0
2001-05-25,0
2001-05-26,0
2001-05-27,0
2001-05-28,0
2001-05-29,0
2001-05-30,0
2001-05-31,0
2001-06-01,0
2001-06-02,0
2001-06-03,0
2001-06-04,0
2001-06-05,0
2001-06-06,0
2001-06-07,0
2001-06-08,0
2001-06-09,0
2001-06-10,0
2001-06-11,0
2001-06-12,0
2001-06-13,0
2001-06-14,0
2001-06-15,0
2001-06-16,0
2001-06-17,0
2001-06-18,0
2001-06-19,0
2001-06-20,0
2001-06-21,0
2001-06-22,0
2001-06-23,0
2001-06-24,0
2001-06-25,0
2001-06-26,0
2001-06-27,0
2001-06-28,0
2001-06-29,0
2001-06-30,0
2001-07-01,0
2001-07-02,0
2001-07-03,0
2001-07-04,0
2001-07-05,0
2001-07-06,0
2001-07-07,0
2001-07-08,0
2001-07-09,0
2001-07-10,0
2001-07-11,0
2001-07-12,0
2001-07-13,0
2001-07-14,0
2001-07-15,0
2001-07-16,0
2001-07-17,0
2001-07-18,0
2001-07-19,0
2001-07-20,0
2001-07-21,0
2001-07-22,0
2001-07-23,0
2001-07-24,0
2001-07-25,0
2001-07-26,0
2001-07-27,0
2001-07-28,0
2001-07-29,0
2001-07-30,0
2001-07-31,0
2001-08-01,0.04452
2001-08-02,0.71593
2001-08-03,0.73659
2001-08-04,0.73782
2001-08-05,0.2536
2001-08-06,0
2001-08-07,0
2001-08-08,0
2001-08-09,0
2001-08-10,0
2001-08-11,0
2001-08-12,0
2001-08-13,0
2001-08-14,0
2001-08-15,0
2001-08-16,0
2001-08-17,0
2001-08-18,0
2001-08-19,0
2001-08-20,0
2001-08-21,0
2001-08-22,0
2001-08-23,0
2001-08-24,0
2001-08-25,0
2001-08-26,0
2001-08-27,0
2001-08-28,0
2001-08-29,0
2001-08-30,0
2001-08-31,0
2001-09-01,0
2001-09-02,0
2001-09-03,0
2001-09-04,0
2001-09-05,0
2001-09-06,0
2001-09-07,0
2001-09-08,0
2001-09-09,0
2001-09-10,0
2001-09-11,0
2001-09-12,0
2001-09-13,0
2001-09-14,0
2001-09-15,0
2001-09-16,0
2001-09-17,0
2001-09-18,0
2001-09-19,0
2001-09-20,0
2001-09-21,0
2001-09-22,0
2001-09-23,0
2001-09-24,0
2001-09-25,0
2001-09-26,0
2001-09-27,0
2001-09-28,0
2001-09-29,0.5767
2001-09-30,0.63812
2001-10-01,0.55244
2001-10-02,0.49889
2001-10-03,0.16796
2001-10-04,0
2001-10-05,0
2001-10-06,0
2001-10-07,0
2001-10-08,0
2001-10-09,0
2001-10-10,0
2001-10-11,0
2001-10-12,0
2001-10-13,0
2001-10-14,0
2001-10-15,0
2001-10-16,0
2001-10-17,0
2001-10-18,0
2001-10-19,0
2001-10-20,0
2001-10-21,0.10615
2001-10-22,1.3385
2001-10-23,0.89718
2001-10-24,0.70001
2001-10-25,0.69681
2001-10-26,0.67274
2001-10-27,0.55547
2001-10-28,0.47622
2001-10-29,0.13465
2001-10-30,0
2001-10-31,0
2001-11-01,0
2001-11-02,0
2001-11-03,0
2001-11-04,0
2001-11-05,0
2001-11-06,0
2001-11-07,0
2001-11-08,0
2001-11-09,0
2001-11-10,0
2001-11-11,0
2001-11-12,0
2001-11-13,0
2001-11-14,0
2001-11-15,0
2001-11-16,0
2001-11-17,0
2001-11-18,0
2001-11-19,0
2001-11-20,0
2001-11-21,0
2001-11-22,0
2001-11-23,0
2001-11-24,0
2001-11-25,0
2001-11-26,0
2001-11-27,0
2001-11-28,0
2001-11-29,0
2001-11-30,0
2001-12-01,0
2001-12-02,0
2001-12-03,0
2001-12-04,0
2001-12-05,0
2001-12-06,0
2001-12-07,0
2001-12-08,0
2001-12-09,0
2001-12-10,0
2001-12-11,0
2001-12-12,0
2001-12-13,0
2001-12-14,0
2001-12-15,0
2001-12-16,0
2001-12-17,0
2001-12-18,0
2001-12-19,0
2001-12-20,0
2001-12-21,0
2001-12-22,0
2001-12-23,0
2001-12-24,0
2001-12-25,0
2001-12-26,0
2001-12-27,0
2001-12-28,0
2001-12-29,0
2001-12-30,0
2001-12-31,0
2002-01-01,0
2002-01-02,0
2002-01-03,0
2002-01-04,0
2002-01-05,0
2002-01-06,0
2002-01-07,0
2002-01-08,0
2002-01-09,0
2002-01-10,0
2002-01-11,0
2002-01-12,0
2002-01-13,0
2002-01-14,0
2002-01-15,0
2002-01-16,0
2002-01-17,0
2002-01-18,0
2002-01-19,0
2002-01-20,0
2002-01-21,0
2002-01-22,0
2002-01-23,0
2002-01-24,0
2002-01-25,0
2002-01-26,0
2002-01-27,0
2002-01-28,0
2002-01-29,0
2002-01-30,0
2002-01-31,0
2002-02-01,0
2002-02-02,0
2002-02-03,0
2002-02-04,0
2002-02-05,0
2002-02-06,0
2002-02-07,0
2002-02-08,0
2002-02-09,0
2002-02-10,0
2002-02-11,0
2002-02-12,0
2002-02-13,0
2002-02-14,0
2002-02-15,0
2002-02-16,0
2002-02-17,0
2002-02-18,0
2002-02-19,0
2002-02-20,0
2002-02-21,0
2002-02-22,0
2002-02-23,0
2002-02-24,0
2002-02-25,0
2002-02-26,0
2002-02-27,0
2002-02-28,0
2002-03-01,0
2002-03-02,0
2002-03-03,0
2002-03-04,0
2002-03-05,0
2002-03-06,0
2002-03-07,0
2002-03-08,0
2002-03-09,0
2002-03-10,0
2002-03-11,0
2002-03-12,0
2002-03-13,0
2002-03-14,0
2002-03-15,0
2002-03-16,0
2002-03-17,0
2002-03-18,0
2002-03-19,0
2002-03-20,0
2002-03-21,0
2002-03-22,0
2002-03-23,0
2002-03-24,0
2002-03-25,0
2002-03-26,0
2002-03-27,0
2002-03-28,0
2002-03-29,0
2002-03-30,0
2002-03-31,0
2002-04-01,0
2002-04-02,0
2002-04-03,0
2002-04-04,0
2002-04-05,0
2002-04-06,0
2002-04-07,0
2002-04-08,0
2002-04-09,0
2002-04-10,0
2002-04-11,0
2002-04-12,0
2002-04-13,0
2002-04-14,0
2002-04-15,0
2002-04-16,0
2002-04-17,0
2002-04-18,0
2002-04-19,0
2002-04-20,0
2002-04-21,0
2002-04-22,0
2002-04-23,0
2002-04-24,0
2002-04-25,0
2002-04-26,0
2002-04-27,0
2002-04-28,0
2002-04-29,0
2002-04-30,0
2002-05-01,0
2002-05-02,0
2002-05-03,0
2002-05-04,0
2002-05-05,0
2002-05-06,0
2002-05-07,0
2002-05-08,0
2002-05-09,0
2002-05-10,0
2002-05-11,0
2002-05-12,0
2002-05-13,0
2002-05-14,0
2002-05-15,0
2002-05-16,0
2002-05-17,0
2002-05-18,0
2002-05-19,0
2002-05-20,0
2002-05-21,0
2002-05-22,0
2002-05-23,0
2002-05-24,0
2002-05-25,0
2002-05-26,0
2002-05-27,0
2002-05-28,0
2002-05-29,0
2002-05-30,0
2002-05-31,0
2002-06-01,0
2002-06-02,0
2002-06-03,0
2002-06-04,0
2002-06-05,0
2002-06-06,0
2002-06-07,0
2002-06-08,0
2002-06-09,0
2002-06-10,0
2002-06-11,0
2002-06-12,0
2002-06-13,0
2002-06-14,0
2002-06-15,0
2002-06-16,0
2002-06-17,0
2002-06-18,0
2002-06-19,0
2002-06-20,0
2002-06-21,0.54024
2002-06-22,0.27158
2002-06-23,0.08123
2002-06-24,0.71109
2002-06-25,0.71059
2002-06-26,0.71528
2002-06-27,0.73696
2002-06-28,0.26414
2002-06-29,0
2002-06-30,0
2002-07-01,0
2002-07-02,0
2002-07-03,0
2002-07-04,0
2002-07-05,0
2002-07-06,0
2002-07-07,0
2002-07-08,0
2002-07-09,0.56728
2002-07-10,0.80853
2002-07-11,0.81954
2002-07-12,0.8089
2002-07-13,0.80206
2002-07-14,0.29886
2002-07-15,0
2002-07-16,0
2002-07-17,0
2002-07-18,0
2002-07-19,0
2002-07-20,0
2002-07-21,0
2002-07-22,0
2002-07-23,0
2002-07-24,0
2002-07-25,0
2002-07-26,0
2002-07-27,0
2002-07-28,0
2002-07-29,0
2002-07-30,0
2002-07-31,0
2002-08-01,0
2002-08-02,0
2002-08-03,0
2002-08-04,0
2002-08-05,0
2002-08-06,0
2002-08-07,0
2002-08-08,0
2002-08-09,0
2002-08-10,0
2002-08-11,0
2002-08-12,0
2002-08-13,0
2002-08-14,0
2002-08-15,0
2002-08-16,0
2002-08-17,0
2002-08-18,0
2002-08-19,0
2002-08-20,0
2002-08-21,0
2002-08-22,0
2002-08-23,0
2002-08-24,0
2002-08-25,0
2002-08-26,0
2002-08-27,0
2002-08-28,0
2002-08-29,0
2002-08-30,0
2002-08-31,0
2002-09-01,0
2002-09-02,0
2002-09-03,0
2002-09-04,0
2002-09-05,0
2002-09-06,0
2002-09-07,0
2002-09-08,0
2002-09-09,0
2002-09-10,0
2002-09-11,0
2002-09-12,0
2002-09-13,0
2002-09-14,0
2002-09-15,0
2002-09-16,0
2002-09-17,0
2002-09-18,0
2002-09-19,0
2002-09-20,0
2002-09-21,0
2002-09-22,0
2002-09-23,0
2002-09-24,0
2002-09-25,0
2002-09-26,0
2002-09-27,0
2002-09-28,0
2002-09-29,0
2002-09-30,0
2002-10-01,0
2002-10-02,0
2002-10-03,0
2002-10-04,0
2002-10-05,0
2002-10-06,0
2002-10-07,0
2002-10-08,0
2002-10-09,0
2002-10-10,0
2002-10-11,0
2002-10-12,0
2002-10-13,0
2002-10-14,0
2002-10-15,0
2002-10-16,0
2002-10-17,0
2002-10-18,0
2002-10-19,0
2002-10-20,0
2002-10-21,0
2002-10-22,0
2002-10-23,0
2002-10-24,0
2002-10-25,0
2002-10-26,0
2002-10-27,0
2002-10-28,0
2002-10-29,0
2002-10-30,0
2002-10-31,0
2002-11-01,0
2002-11-02,0
2002-11-03,0
2002-11-04,0
2002-11-05,0
2002-11-06,0
2002-11-07,0
2002-11-08,0
2002-11-09,0
2002-11-10,0
2002-11-11,0
2002-11-12,0
2002-11-13,0
2002-11-14,0
2002-11-15,0
2002-11-16,0
2002-11-17,0
2002-11-18,0
2002-11-19,0
2002-11-20,0
2002-11-21,0
2002-11-22,0
2002-11-23,0
2002-11-24,0
2002-11-25,0
2002-11-26,0
2002-11-27,0
2002-11-28,0
2002-11-29,0
2002-11-30,0
2002-12-01,0
2002-12-02,0
2002-12-03,0
2002-12-04,0
2002-12-05,0
2002-12-06,0
2002-12-07,0
2002-12-08,0
2002-12-09,0
2002-12-10,0
2002-12-11,0
2002-12-12,0
2002-12-13,0
2002-12-14,0
2002-12-15,0
2002-12-16,0
2002-12-17,0
2002-12-18,0
2002-12-19,0
2002-12-20,0
2002-12-21,0
2002-12-22,0
2002-12-23,0
2002-12-24,0
2002-12-25,0
2002-12-26,0
2002-12-27,0
2002-12-28,0
2002-12-29,0
2002-12-30,0
2002-12-31,0
2003-01-01,0
2003-01-02,0
2003-01-03,0
2003-01-04,0
2003-01-05,0
2003-01-06,0
2003-01-07,0
2003-01-08,0
2003-01-09,0
2003-01-10,0
2003-01-11,0
2003-01-12,0
2003-01-13,0
2003-01-14,0
2003-01-15,0
2003-01-16,0
2003-01-17,0
2003-01-18,0
2003-01-19,0
2003-01-20,0
2003-01-21,0
2003-01-22,0
2003-01-23,0
2003-01-24,0
2003-01-25,0
2003-01-26,0
2003-01-27,0
2003-01-28,0
2003-01-29,0
2003-01-30,0
2003-01-31,0
2003-02-01,0
2003-02-02,0
2003-02-03,0
2003-02-04,0
2003-02-05,0
2003-02-06,0
2003-02-07,0
2003-02-08,0
2003-02-09,0
2003-02-10,0
2003-02-11,0
2003-02-12,0
2003-02-13,0
2003-02-14,0
2003-02-15,0
2003-02-16,0
2003-02-17,0
2003-02-18,0
2003-02-19,0
2003-02-20,0
2003-02-21,0
2003-02-22,0
2003-02-23,0
2003-02-24,0
2003-02-25,0
2003-02-26,0
2003-02-27,0
2003-02-28,0
2003-03-01,0
2003-03-02,0
2003-03-03,0
2003-03-04,0
2003-03-05,0
2003-03-06,0
2003-03-07,0
2003-03-08,0
2003-03-09,0
2003-03-10,0
2003-03-11,0
2003-03-12,0
2003-03-13,0
2003-03-14,0
2003-03-15,0
2003-03-16,0
2003-03-17,0
2003-03-18,0
2003-03-19,0
2003-03-20,0
2003-03-21,0
2003-03-22,0
2003-03-23,0
2003-03-24,0
2003-03-25,0
2003-03-26,0
2003-03-27,0
2003-03-28,0
2003-03-29,0
2003-03-30,0
2003-03-31,0
2003-04-01,0
2003-04-02,0
2003-04-03,0
2003-04-04,0
2003-04-05,0
2003-04-06,0
2003-04-07,0
2003-04-08,0
2003-04-09,0
2003-04-10,0
2003-04-11,0
2003-04-12,0
2003-04-13,0
2003-04-14,0
2003-04-15,0
2003-04-16,0
2003-04-17,0
2003-04-18,0
2003-04-19,0
2003-04-20,0
2003-04-21,0
2003-04-22,0
2003-04-23,0
2003-04-24,0
2003-04-25,0
2003-04-26,0
2003-04-27,0
2003-04-28,0
2003-04-29,0
2003-04-30,0
2003-05-01,0
2003-05-02,0
2003-05-03,0
2003-05-04,0
2003-05-05,0
2003-05-06,0
2003-05-07,0
2003-05-08,0
2003-05-09,0
2003-05-10,0
2003-05-11,0
2003-05-12,0
2003-05-13,0
2003-05-14,0
2003-05-15,0
2003-05-16,0
2003-05-17,0
2003-05-18,0
2003-05-19,0
2003-05-20,0
2003-05-21,0
2003-05-22,0
2003-05-23,0
2003-05-24,0
2003-05-25,0
2003-05-26,0
2003-05-27,0
2003-05-28,0
2003-05-29,0
2003-05-30,0
2003-05-31,0
2003-06-01,0
2003-06-02,0
2003-06-03,0
2003-06-04,0
2003-06-05,0
2003-06-06,0
2003-06-07,0
2003-06-08,0
2003-06-09,0
2003-06-10,0
2003-06-11,0
2003-06-12,0
2003-06-13,0
2003-06-14,0
2003-06-15,0
2003-06-16,0
2003-06-17,0
2003-06-18,0
2003-06-19,0
2003-06-20,0
2003-06-21,0
2003-06-22,0
2003-06-23,0
2003-06-24,0
2003-06-25,0
2003-06-26,0
2003-06-27,0
2003-06-28,0
2003-06-29,0
2003-06-30,0
2003-07-01,0
2003-07-02,0
2003-07-03,0
2003-07-04,0
2003-07-05,0
2003-07-06,0
2003-07-07,0
2003-07-08,0
2003-07-09,0
2003-07-10,0
2003-07-11,0
2003-07-12,0
2003-07-13,0
2003-07-14,0
2003-07-15,0
2003-07-16,0
2003-07-17,0
2003-07-18,0
2003-07-19,0
2003-07-20,0
2003-07-21,0
2003-07-22,0
2003-07-23,0
2003-07-24,0
2003-07-25,0
2003-07-26,0
2003-07-27,0
2003-07-28,0
2003-07-29,0
2003-07-30,0
2003-07-31,0
2003-08-01,0
2003-08-02,0
2003-08-03,0
2003-08-04,0
2003-08-05,0
2003-08-06,0
2003-08-07,0
2003-08-08,0
2003-08-09,0
2003-08-10,0
2003-08-11,0
2003-08-12,0
2003-08-13,0
2003-08-14,0
2003-08-15,0
2003-08-16,0
2003-08-17,0
2003-08-18,0
2003-08-19,0
2003-08-20,0
2003-08-21,0
2003-08-22,0
2003-08-23,0
2003-08-24,0
2003-08-25,0
2003-08-26,0
2003-08-27,0
2003-08-28,0
2003-08-29,0
2003-08-30,0
2003-08-31,0
2003-09-01,0
2003-09-02,0
2003-09-03,0
2003-09-04,0
2003-09-05,0
2003-09-06,0
2003-09-07,0
2003-09-08,0
2003-09-09,0
2003-09-10,0
2003-09-11,0
2003-09-12,0
2003-09-13,0
2003-09-14,0
2003-09-15,0
2003-09-16,0
2003-09-17,0
2003-09-18,0
2003-09-19,0
2003-09-20,0
2003-09-21,0
2003-09-22,0
2003-09-23,0
2003-09-24,0
2003-09-25,0
2003-09-26,0
2003-09-27,0
2003-09-28,0
2003-09-29,0.28572
2003-09-30,0.61946
2003-10-01,0.5912
2003-10-02,0.22392
2003-10-03,0
2003-10-04,0
2003-10-05,0
2003-10-06,0
2003-10-07,0
2003-10-08,0
2003-10-09,0
2003-10-10,0
2003-10-11,0
2003-10-12,0
2003-10-13,0
2003-10-14,0
2003-10-15,0
2003-10-16,0
2003-10-17,0
2003-10-18,0
2003-10-19,0
2003-10-20,0
2003-10-21,0
2003-10-22,0
2003-10-23,0
2003-10-24,0
2003-10-25,0
2003-10-26,0
2003-10-27,0
2003-10-28,0
2003-10-29,0
2003-10-30,0
2003-10-31,0
2003-11-01,0
2003-11-02,0
2003-11-03,0
2003-11-04,0
2003-11-05,0
2003-11-06,0
2003-11-07,0
2003-11-08,0
2003-11-09,0
2003-11-10,0
2003-11-11,0
2003-11-12,0
2003-11-13,0
2003-11-14,0
2003-11-15,0
2003-11-16,0
2003-11-17,0
2003-11-18,0
2003-11-19,0
2003-11-20,0
2003-11-21,0
2003-11-22,0
2003-11-23,0
2003-11-24,0
2003-11-25,0
2003-11-26,0
2003-11-27,0
2003-11-28,0
2003-11-29,0
2003-11-30,0
2003-12-01,0
2003-12-02,0
2003-12-03,0
2003-12-04,0
2003-12-05,0
2003-12-06,0
2003-12-07,0
2003-12-08,0
2003-12-09,0
2003-12-10,0
2003-12-11,0
2003-12-12,0
2003-12-13,0
2003-12-14,0
2003-12-15,0
2003-12-16,0
2003-12-17,0
2003-12-18,0
2003-12-19,0
2003-12-20,0
2003-12-21,0
2003-12-22,0
2003-12-23,0
2003-12-24,0
2003-12-25,0
2003-12-26,0
2003-12-27,0
2003-12-28,0
2003-12-29,0
2003-12-30,0
2003-12-31,0
2004-01-01,0
2004-01-02,0
2004-01-03,0
2004-01-04,0
2004-01-05,0
2004-01-06,0
2004-01-07,0
2004-01-08,0
2004-01-09,0
2004-01-10,0
2004-01-11,0
2004-01-12,0
2004-01-13,0
2004-01-14,0
2004-01-15,0
2004-01-16,0
2004-01-17,0
2004-01-18,0
2004-01-19,0
2004-01-20,0
2004-01-21,0
2004-01-22,0
2004-01-23,0
2004-01-24,0
2004-01-25,0
2004-01-26,0
2004-01-27,0
2004-01-28,0
2004-01-29,0
2004-01-30,0
2004-01-31,0
2004-02-01,0
2004-02-02,0
2004-02-03,0
2004-02-04,0
2004-02-05,0
2004-02-06,0
2004-02-07,0
2004-02-08,0
2004-02-09,0
2004-02-10,0
2004-02-11,0
2004-02-12,0
2004-02-13,0
2004-02-14,0
2004-02-15,0
2004-02-16,0
2004-02-17,0
2004-02-18,0
2004-02-19,0
2004-02-20,0
2004-02-21,0
2004-02-22,0
2004-02-23,0
2004-02-24,0
2004-02-25,0
2004-02-26,0
2004-02-27,0
2004-02-28,0
2004-02-29,0
2004-03-01,0
2004-03-02,0
2004-03-03,0
2004-03-04,0
2004-03-05,0
2004-03-06,0
2004-03-07,0
2004-03-08,0
2004-03-09,0
2004-03-10,0
2004-03-11,0
2004-03-12,0
2004-03-13,0
2004-03-14,0
2004-03-15,0
2004-03-16,0
2004-03-17,0
2004-03-18,0
2004-03-19,0
2004-03-20,0
2004-03-21,0
2004-03-22,0
2004-03-23,0
2004-03-24,0
2004-03-25,0
2004-03-26,0
2004-03-27,0
2004-03-28,0
2004-03-29,0
2004-03-30,0
2004-03-31,0
2004-04-01,0
2004-04-02,0
2004-04-03,0
2004-04-04,0
2004-04-05,0
2004-04-06,0
2004-04-07,0
2004-04-08,0
2004-04-09,0
2004-04-10,0
2004-04-11,0
2004-04-12,0
2004-04-13,0
2004-04-14,0
2004-04-15,0
2004-04-16,0
2004-04-17,0
2004-04-18,0
2004-04-19,0
2004-04-20,0
2004-04-21,0
2004-04-22,0
2004-04-23,0
2004-04-24,0
2004-04-25,0
2004-04-26,0
2004-04-27,0
2004-04-28,0
2004-04-29,0
2004-04-30,0
2004-05-01,0
2004-05-02,0
2004-05-03,0
2004-05-04,0
2004-05-05,0
2004-05-06,0
2004-05-07,0
2004-05-08,0
2004-05-09,0
2004-05-10,0
2004-05-11,0
2004-05-12,0
2004-05-13,0
2004-05-14,0
2004-05-15,0
2004-05-16,0
2004-05-17,0
2004-05-18,0
2004-05-19,0
2004-05-20,0
2004-05-21,0
2004-05-22,0
2004-05-23,0
2004-05-24,0
2004-05-25,0
2004-05-26,0
2004-05-27,0
2004-05-28,0
2004-05-29,0
2004-05-30,0
2004-05-31,0
2004-06-01,0
2004-06-02,0
2004-06-03,0
2004-06-04,0
2004-06-05,0
2004-06-06,0
2004-06-07,0
2004-06-08,0
2004-06-09,0
2004-06-10,0
2004-06-11,0
2004-06-12,0
2004-06-13,0
2004-06-14,0
2004-06-15,0
2004-06-16,0
2004-06-17,0
2004-06-18,0
2004-06-19,0
2004-06-20,0
2004-06-21,0
2004-06-22,0
2004-06-23,0
2004-06-24,0
2004-06-25,0
2004-06-26,0
2004-06-27,0
2004-06-28,0
2004-06-29,0
2004-06-30,0
2004-07-01,0
2004-07-02,0
2004-07-03,0
2004-07-04,0
2004-07-05,0
2004-07-06,0
2004-07-07,0
2004-07-08,0
2004-07-09,0
2004-07-10,0
2004-07-11,0
2004-07-12,0
2004-07-13,0
2004-07-14,0
2004-07-15,0
2004-07-16,0
2004-07-17,0
2004-07-18,0
2004-07-19,0
2004-07-20,0
2004-07-21,0
2004-07-22,0
2004-07-23,0
2004-07-24,0
2004-07-25,0
2004-07-26,0
2004-07-27,0
2004-07-28,0
2004-07-29,0
2004-07-30,0
2004-07-31,0
2004-08-01,0
2004-08-02,0
2004-08-03,0
2004-08-04,0
2004-08-05,0
2004-08-06,0
2004-08-07,0
2004-08-08,0
2004-08-09,0
2004-08-10,0
2004-08-11,0
2004-08-12,0
2004-08-13,0
2004-08-14,0
2004-08-15,0
2004-08-16,0
2004-08-17,0
2004-08-18,0
2004-08-19,0
2004-08-20,0
2004-08-21,0
2004-08-22,0
2004-08-23,0
2004-08-24,0
2004-08-25,0
2004-08-26,0
2004-08-27,0
2004-08-28,0
2004-08-29,0
2004-08-30,0
2004-08-31,0
2004-09-01,0
2004-09-02,0
2004-09-03,0
2004-09-04,0
2004-09-05,0
2004-09-06,0
2004-09-07,0
2004-09-08,0
2004-09-09,0
2004-09-10,0
2004-09-11,0
2004-09-12,0
2004-09-13,0
2004-09-14,0
2004-09-15,0
2004-09-16,0
2004-09-17,0
2004-09-18,0
2004-09-19,0
2004-09-20,0
2004-09-21,0
2004-09-22,0
2004-09-23,0
2004-09-24,0
2004-09-25,0
2004-09-26,0
2004-09-27,0
2004-09-28,0
2004-09-29,0
2004-09-30,0
2004-10-01,0
2004-10-02,0
2004-10-03,0
2004-10-04,0
2004-10-05,0
2004-10-06,0
2004-10-07,0
2004-10-08,0
2004-10-09,0
2004-10-10,0
2004-10-11,0
2004-10-12,0
2004-10-13,0
2004-10-14,0
2004-10-15,0.41314
2004-10-16,0.58361
2004-10-17,0.1926
2004-10-18,0
2004-10-19,0
2004-10-20,0
2004-10-21,0
2004-10-22,0
2004-10-23,0
2004-10-24,0
2004-10-25,0
2004-10-26,0
2004-10-27,0
2004-10-28,0
2004-10-29,0
2004-10-30,0
2004-10-31,0
2004-11-01,0
2004-11-02,0
2004-11-03,0
2004-11-04,0
2004-11-05,0
2004-11-06,0
2004-11-07,0
2004-11-08,0
2004-11-09,0
2004-11-10,0
2004-11-11,0
2004-11-12,0
2004-11-13,0
2004-11-14,0
2004-11-15,0
2004-11-16,0
2004-11-17,0
2004-11-18,0
2004-11-19,0
2004-11-20,0
2004-11-21,0
2004-11-22,0
2004-11-23,0
2004-11-24,0
2004-11-25,0
2004-11-26,0
2004-11-27,0
2004-11-28,0
2004-11-29,0
2004-11-30,0
2004-12-01,0
2004-12-02,0
2004-12-03,0
2004-12-04,0
2004-12-05,0
2004-12-06,0
2004-12-07,0
2004-12-08,0
2004-12-09,0
2004-12-10,0
2004-12-11,0
2004-12-12,0
2004-12-13,0
2004-12-14,0
2004-12-15,0
2004-12-16,0
2004-12-17,0
2004-12-18,0
2004-12-19,0
2004-12-20,0
2004-12-21,0
2004-12-22,0
2004-12-23,0
2004-12-24,0
2004-12-25,0
2004-12-26,0
2004-12-27,0
2004-12-28,0
2004-12-29,0
2004-12-30,0
2004-12-31,0
2005-01-01,0
2005-01-02,0
2005-01-03,0
2005-01-04,0
2005-01-05,0
2005-01-06,0
2005-01-07,0
2005-01-08,0
2005-01-09,0
2005-01-10,0
2005-01-11,0
2005-01-12,0
2005-01-13,0
2005-01-14,0
2005-01-15,0
2005-01-16,0
2005-01-17,0
2005-01-18,0
2005-01-19,0
2005-01-20,0
2005-01-21,0
2005-01-22,0
2005-01-23,0
2005-01-24,0
2005-01-25,0
2005-01-26,0
2005-01-27,0
2005-01-28,0
2005-01-29,0
2005-01-30,0
2005-01-31,0
2005-02-01,0
2005-02-02,0
2005-02-03,0
2005-02-04,0
2005-02-05,0
2005-02-06,0
2005-02-07,0
2005-02-08,0
2005-02-09,0
2005-02-10,0
2005-02-11,0
2005-02-12,0
2005-02-13,0
2005-02-14,0
2005-02-15,0
2005-02-16,0
2005-02-17,0
2005-02-18,0
2005-02-19,0
2005-02-20,0
2005-02-21,0
2005-02-22,0
2005-02-23,0
2005-02-24,0
2005-02-25,0
2005-02-26,0
2005-02-27,0
2005-02-28,0
2005-03-01,0
2005-03-02,0
2005-03-03,0
2005-03-04,0
2005-03-05,0
2005-03-06,0
2005-03-07,0
2005-03-08,0
2005-03-09,0
2005-03-10,0
2005-03-11,0
2005-03-12,0
2005-03-13,0
2005-03-14,0
2005-03-15,0
2005-03-16,0
2005-03-17,0
2005-03-18,0
2005-03-19,0
2005-03-20,0
2005-03-21,0
2005-03-22,0
2005-03-23,0
2005-03-24,0
2005-03-25,0
2005-03-26,0
2005-03-27,0
2005-03-28,0
2005-03-29,0
2005-03-30,0
2005-03-31,0
2005-04-01,0
2005-04-02,0
2005-04-03,0
2005-04-04,0
2005-04-05,0
2005-04-06,0
2005-04-07,0
2005-04-08,0
2005-04-09,0
2005-04-10,0
2005-04-11,0
2005-04-12,0
2005-04-13,0
2005-04-14,0
2005-04-15,0
2005-04-16,0
2005-04-17,0
2005-04-18,0
2005-04-19,0
2005-04-20,0
2005-04-21,0
2005-04-22,0
2005-04-23,0
2005-04-24,0
2005-04-25,0
2005-04-26,0
2005-04-27,0
2005-04-28,0
2005-04-29,0
2005-04-30,0
2005-05-01,0
2005-05-02,0
2005-05-03,0
2005-05-04,0
2005-05-05,0
2005-05-06,0
2005-05-07,0
2005-05-08,0
2005-05-09,0
2005-05-10,0
2005-05-11,0
2005-05-12,0
2005-05-13,0
2005-05-14,0
2005-05-15,0
2005-05-16,0
2005-05-17,0
2005-05-18,0
2005-05-19,0
2005-05-20,0
2005-05-21,0
2005-05-22,0
2005-05-23,0
2005-05-24,0
2005-05-25,0
2005-05-26,0
2005-05-27,0
2005-05-28,0
2005-05-29,0
2005-05-30,0
2005-05-31,0
2005-06-01,0
2005-06-02,0
2005-06-03,0
2005-06-04,0
2005-06-05,0
2005-06-06,0
2005-06-07,0
2005-06-08,0
2005-06-09,0
2005-06-10,0.24068
2005-06-11,0.39929
2005-06-12,0
2005-06-13,0
2005-06-14,0
2005-06-15,0
2005-06-16,0
2005-06-17,0
2005-06-18,0
2005-06-19,0
2005-06-20,0.18009
2005-06-21,0.7499
2005-06-22,0.71693
2005-06-23,0.72545
2005-06-24,0.39208
2005-06-25,0
2005-06-26,0
2005-06-27,0
2005-06-28,0
2005-06-29,0
2005-06-30,0
2005-07-01,0
2005-07-02,0
2005-07-03,0
2005-07-04,0
2005-07-05,0
2005-07-06,0
2005-07-07,0
2005-07-08,0
2005-07-09,0
2005-07-10,0
2005-07-11,0
2005-07-12,0
2005-07-13,0
2005-07-14,0
2005-07-15,0
2005-07-16,0
2005-07-17,0
2005-07-18,0
2005-07-19,0
2005-07-20,0
2005-07-21,0
2005-07-22,0
2005-07-23,0
2005-07-24,0
2005-07-25,0
2005-07-26,0
2005-07-27,0
2005-07-28,0
2005-07-29,0
2005-07-30,0
2005-07-31,0
2005-08-01,0
2005-08-02,0
2005-08-03,0
2005-08-04,0
2005-08-05,0
2005-08-06,0
2005-08-07,0
2005-08-08,0
2005-08-09,0
2005-08-10,0
2005-08-11,0
2005-08-12,0
2005-08-13,0
2005-08-14,0
2005-08-15,0
2005-08-16,0
2005-08-17,0
2005-08-18,0
2005-08-19,0
2005-08-20,0
2005-08-21,0
2005-08-22,0
2005-08-23,0
2005-08-24,0
2005-08-25,0
2005-08-26,1.78632
2005-08-27,2.79537
2005-08-28,2.65583
2005-08-29,2.6351
2005-08-30,2.22411
2005-08-31,1.67075
2005-09-01,1.24347
2005-09-02,0.79045
2005-09-03,0.78882
2005-09-04,0.72319
2005-09-05,0.69461
2005-09-06,0.68844
2005-09-07,0.7127
2005-09-08,0.7127
2005-09-09,0.22665
2005-09-10,0
2005-09-11,0
2005-09-12,0
2005-09-13,0
2005-09-14,0
2005-09-15,0
2005-09-16,0
2005-09-17,0
2005-09-18,0.22561
2005-09-19,0.34532
2005-09-20,-0.32714
2005-09-21,0.40401
2005-09-22,0.42178
2005-09-23,0.60546
2005-09-24,0.65558
2005-09-25,0.2172
2005-09-26,0
2005-09-27,0
2005-09-28,0.33377
2005-09-29,0.6716
2005-09-30,0.35847
2005-10-01,0
2005-10-02,0
2005-10-03,0.18673
2005-10-04,0.56334
2005-10-05,0.52875
2005-10-06,0.51516
2005-10-07,0.62492
2005-10-08,0.66156
2005-10-09,0.66427
2005-10-10,0.26832
2005-10-11,0
2005-10-12,0
2005-10-13,0
2005-10-14,0
2005-10-15,0
2005-10-16,0
2005-10-17,0
2005-10-18,0
2005-10-19,0
2005-10-20,0
2005-10-21,0
2005-10-22,0
2005-10-23,0
2005-10-24,0
2005-10-25,0.77341
2005-10-26,0.41479
2005-10-27,0
2005-10-28,0
2005-10-29,0
2005-10-30,0
2005-10-31,0
2005-11-01,0
2005-11-02,0
2005-11-03,0
2005-11-04,0
2005-11-05,0
2005-11-06,0
2005-11-07,0
2005-11-08,0
2005-11-09,0
2005-11-10,0
2005-11-11,0
2005-11-12,0
2005-11-13,0
2005-11-14,0
2005-11-15,0
2005-11-16,0
2005-11-17,0
2005-11-18,0
2005-11-19,0
2005-11-20,0
2005-11-21,0
2005-11-22,0
2005-11-23,0
2005-11-24,0
2005-11-25,0
2005-11-26,0
2005-11-27,0
2005-11-28,0
2005-11-29,0
2005-11-30,0
2005-12-01,0
2005-12-02,0
2005-12-03,0
2005-12-04,0
2005-12-05,0
2005-12-06,0
2005-12-07,0
2005-12-08,0
2005-12-09,0
2005-12-10,0
2005-12-11,0
2005-12-12,0
2005-12-13,0
2005-12-14,0
2005-12-15,0
2005-12-16,0
2005-12-17,0
2005-12-18,0
2005-12-19,0
2005-12-20,0
2005-12-21,0
2005-12-22,0
2005-12-23,0
2005-12-24,0
2005-12-25,0
2005-12-26,0
2005-12-27,0
2005-12-28,0
2005-12-29,0
2005-12-30,0
2005-12-31,0
2006-01-01,0
2006-01-02,0
2006-01-03,0
2006-01-04,0
2006-01-05,0
2006-01-06,0
2006-01-07,0
2006-01-08,0
2006-01-09,0
2006-01-10,0
2006-01-11,0
2006-01-12,0
2006-01-13,0
2006-01-14,0
2006-01-15,0
2006-01-16,0
2006-01-17,0
2006-01-18,0
2006-01-19,0
2006-01-20,0
2006-01-21,0
2006-01-22,0
2006-01-23,0
2006-01-24,0
2006-01-25,0
2006-01-26,0
2006-01-27,0
2006-01-28,0
2006-01-29,0
2006-01-30,0
2006-01-31,0
2006-02-01,0
2006-02-02,0
2006-02-03,0
2006-02-04,0
2006-02-05,0
2006-02-06,0
2006-02-07,0
2006-02-08,0
2006-02-09,0
2006-02-10,0
2006-02-11,0
2006-02-12,0
2006-02-13,0
2006-02-14,0
2006-02-15,0
2006-02-16,0
2006-02-17,0
2006-02-18,0
2006-02-19,0
2006-02-20,0
2006-02-21,0
2006-02-22,0
2006-02-23,0
2006-02-24,0
2006-02-25,0
2006-02-26,0
2006-02-27,0
2006-02-28,0
2006-03-01,0
2006-03-02,0
2006-03-03,0
2006-03-04,0
2006-03-05,0
2006-03-06,0
2006-03-07,0
2006-03-08,0
2006-03-09,0
2006-03-10,0
2006-03-11,0
2006-03-12,0
2006-03-13,0
2006-03-14,0
2006-03-15,0
2006-03-16,0
2006-03-17,0
2006-03-18,0
2006-03-19,0
2006-03-20,0
2006-03-21,0
2006-03-22,0
2006-03-23,0
2006-03-24,0
2006-03-25,0
2006-03-26,0
2006-03-27,0
2006-03-28,0
2006-03-29,0
2006-03-30,0
2006-03-31,0
2006-04-01,0
2006-04-02,0
2006-04-03,0
2006-04-04,0
2006-04-05,0
2006-04-06,0
2006-04-07,0
2006-04-08,0
2006-04-09,0
2006-04-10,0
2006-04-11,0
2006-04-12,0
2006-04-13,0
2006-04-14,0
2006-04-15,0
2006-04-16,0
2006-04-17,0
2006-04-18,0
2006-04-19,0
2006-04-20,0
2006-04-21,0
2006-04-22,0
2006-04-23,0
2006-04-24,0
2006-04-25,0
2006-04-26,0
2006-04-27,0
2006-04-28,0
2006-04-29,0
2006-04-30,0
2006-05-01,0
2006-05-02,0
2006-05-03,0
2006-05-04,0
2006-05-05,0
2006-05-06,0
2006-05-07,0
2006-05-08,0
2006-05-09,0
2006-05-10,0
2006-05-11,0
2006-05-12,0
2006-05-13,0
2006-05-14,0
2006-05-15,0
2006-05-16,0
2006-05-17,0
2006-05-18,0
2006-05-19,0
2006-05-20,0
2006-05-21,0
2006-05-22,0
2006-05-23,0
2006-05-24,0
2006-05-25,0
2006-05-26,0
2006-05-27,0
2006-05-28,0
2006-05-29,0
2006-05-30,0
2006-05-31,0
2006-06-01,0
2006-06-02,0
2006-06-03,0
2006-06-04,0
2006-06-05,0
2006-06-06,0
2006-06-07,0
2006-06-08,0
2006-06-09,0
2006-06-10,0
2006-06-11,0
2006-06-12,0
2006-06-13,0
2006-06-14,0
2006-06-15,0
2006-06-16,0
2006-06-17,0
2006-06-18,0
2006-06-19,0
2006-06-20,0
2006-06-21,0
2006-06-22,0
2006-06-23,0
2006-06-24,0
2006-06-25,0
2006-06-26,0
2006-06-27,0
2006-06-28,0
2006-06-29,0
2006-06-30,0
2006-07-01,0
2006-07-02,0
2006-07-03,0
2006-07-04,0
2006-07-05,0
2006-07-06,0
2006-07-07,0
2006-07-08,0
2006-07-09,0
2006-07-10,0
2006-07-11,0
2006-07-12,0
2006-07-13,0
2006-07-14,0
2006-07-15,0
2006-07-16,0
2006-07-17,0
2006-07-18,0
2006-07-19,0
2006-07-20,0
2006-07-21,0
2006-07-22,0
2006-07-23,0
2006-07-24,0
2006-07-25,0
2006-07-26,0
2006-07-27,0
2006-07-28,0
2006-07-29,0
2006-07-30,0
2006-07-31,0
2006-08-01,0
2006-08-02,0
2006-08-03,0
2006-08-04,0
2006-08-05,0
2006-08-06,0
2006-08-07,0
2006-08-08,0
2006-08-09,0
2006-08-10,0
2006-08-11,0
2006-08-12,0
2006-08-13,0
2006-08-14,0
2006-08-15,0
2006-08-16,0
2006-08-17,0
2006-08-18,0
2006-08-19,0
2006-08-20,0
2006-08-21,0
2006-08-22,0
2006-08-23,0
2006-08-24,0
2006-08-25,0
2006-08-26,0
2006-08-27,0
2006-08-28,0
2006-08-29,0
2006-08-30,0
2006-08-31,0
2006-09-01,0
2006-09-02,0
2006-09-03,0
2006-09-04,0
2006-09-05,0
2006-09-06,0
2006-09-07,0
2006-09-08,0
2006-09-09,0
2006-09-10,0
2006-09-11,0
2006-09-12,0
2006-09-13,0
2006-09-14,0
2006-09-15,0
2006-09-16,0
2006-09-17,0
2006-09-18,0
2006-09-19,0
2006-09-20,0
2006-09-21,0
2006-09-22,0
2006-09-23,0
2006-09-24,0
2006-09-25,0
2006-09-26,0
2006-09-27,0
2006-09-28,0
2006-09-29,0
2006-09-30,0
2006-10-01,0
2006-10-02,0
2006-10-03,0
2006-10-04,0
2006-10-05,0
2006-10-06,0
2006-10-07,0
2006-10-08,0
2006-10-09,0
2006-10-10,0
2006-10-11,0
2006-10-12,0
2006-10-13,0
2006-10-14,0
2006-10-15,0
2006-10-16,0
2006-10-17,0
2006-10-18,0
2006-10-19,0
2006-10-20,0
2006-10-21,0
2006-10-22,0
2006-10-23,0
2006-10-24,0
2006-10-25,0
2006-10-26,0
2006-10-27,0
2006-10-28,0
2006-10-29,0
2006-10-30,0
2006-10-31,0
2006-11-01,0
2006-11-02,0
2006-11-03,0
2006-11-04,0
2006-11-05,0
2006-11-06,0
2006-11-07,0
2006-11-08,0
2006-11-09,0
2006-11-10,0
2006-11-11,0
2006-11-12,0
2006-11-13,0
2006-11-14,0
2006-11-15,0
2006-11-16,0
2006-11-17,0
2006-11-18,0
2006-11-19,0
2006-11-20,0
2006-11-21,0
2006-11-22,0
2006-11-23,0
2006-11-24,0
2006-11-25,0
2006-11-26,0
2006-11-27,0
2006-11-28,0
2006-11-29,0
2006-11-30,0
2006-12-01,0
2006-12-02,0
2006-12-03,0
2006-12-04,0
2006-12-05,0
2006-12-06,0
2006-12-07,0
2006-12-08,0
2006-12-09,0
2006-12-10,0
2006-12-11,0
2006-12-12,0
2006-12-13,0
2006-12-14,0
2006-12-15,0
2006-12-16,0
2006-12-17,0
2006-12-18,0
2006-12-19,0
2006-12-20,0
2006-12-21,0
2006-12-22,0
2006-12-23,0
2006-12-24,0
2006-12-25,0
2006-12-26,0
2006-12-27,0
2006-12-28,0
2006-12-29,0
2006-12-30,0
2006-12-31,0
2007-01-01,0
2007-01-02,0
2007-01-03,0
2007-01-04,0
2007-01-05,0
2007-01-06,0
2007-01-07,0
2007-01-08,0
2007-01-09,0
2007-01-10,0
2007-01-11,0
2007-01-12,0
2007-01-13,0
2007-01-14,0
2007-01-15,0
2007-01-16,0
2007-01-17,0
2007-01-18,0
2007-01-19,0
2007-01-20,0
2007-01-21,0
2007-01-22,0
2007-01-23,0
2007-01-24,0
2007-01-25,0
2007-01-26,0
2007-01-27,0
2007-01-28,0
2007-01-29,0
2007-01-30,0
2007-01-31,0
2007-02-01,0
2007-02-02,0
2007-02-03,0
2007-02-04,0
2007-02-05,0
2007-02-06,0
2007-02-07,0
2007-02-08,0
2007-02-09,0
2007-02-10,0
2007-02-11,0
2007-02-12,0
2007-02-13,0
2007-02-14,0
2007-02-15,0
2007-02-16,0
2007-02-17,0
2007-02-18,0
2007-02-19,0
2007-02-20,0
2007-02-21,0
2007-02-22,0
2007-02-23,0
2007-02-24,0
2007-02-25,0
2007-02-26,0
2007-02-27,0
2007-02-28,0
2007-03-01,0
2007-03-02,0
2007-03-03,0
2007-03-04,0
2007-03-05,0
2007-03-06,0
2007-03-07,0
2007-03-08,0
2007-03-09,0
2007-03-10,0
2007-03-11,0
2007-03-12,0
2007-03-13,0
2007-03-14,0
2007-03-15,0
2007-03-16,0
2007-03-17,0
2007-03-18,0
2007-03-19,0
2007-03-20,0
2007-03-21,0
2007-03-22,0
2007-03-23,0
2007-03-24,0
2007-03-25,0
2007-03-26,0
2007-03-27,0
2007-03-28,0
2007-03-29,0
2007-03-30,0
2007-03-31,0
2007-04-01,0
2007-04-02,0
2007-04-03,0
2007-04-04,0
2007-04-05,0
2007-04-06,0
2007-04-07,0
2007-04-08,0
2007-04-09,0
2007-04-10,0
2007-04-11,0
2007-04-12,0
2007-04-13,0
2007-04-14,0
2007-04-15,0
2007-04-16,0
2007-04-17,0
2007-04-18,0
2007-04-19,0
2007-04-20,0
2007-04-21,0
2007-04-22,0
2007-04-23,0
2007-04-24,0
2007-04-25,0
2007-04-26,0
2007-04-27,0
2007-04-28,0
2007-04-29,0
2007-04-30,0
2007-05-01,0
2007-05-02,0
2007-05-03,0
2007-05-04,0
2007-05-05,0
2007-05-06,0
2007-05-07,0
2007-05-08,0
2007-05-09,0
2007-05-10,0
2007-05-11,0
2007-05-12,0
2007-05-13,0
2007-05-14,0
2007-05-15,0
2007-05-16,0
2007-05-17,0
2007-05-18,0
2007-05-19,0
2007-05-20,0
2007-05-21,0
2007-05-22,0
2007-05-23,0
2007-05-24,0
2007-05-25,0
2007-05-26,0
2007-05-27,0
2007-05-28,0
2007-05-29,0
2007-05-30,0
2007-05-31,0
2007-06-01,0
2007-06-02,0
2007-06-03,0
2007-06-04,0
2007-06-05,0
2007-06-06,0
2007-06-07,0
2007-06-08,0
2007-06-09,0
2007-06-10,0
2007-06-11,0
2007-06-12,0
2007-06-13,0
2007-06-14,0
2007-06-15,0
2007-06-16,0
2007-06-17,0
2007-06-18,0
2007-06-19,0
2007-06-20,0
2007-06-21,0
2007-06-22,0
2007-06-23,0
2007-06-24,0
2007-06-25,0
2007-06-26,0
2007-06-27,0
2007-06-28,0
2007-06-29,0.20382
2007-06-30,0.53674
2007-07-01,0
2007-07-02,0
2007-07-03,0
2007-07-04,0
2007-07-05,0
2007-07-06,0
2007-07-07,0
2007-07-08,0
2007-07-09,0
2007-07-10,0
2007-07-11,0
2007-07-12,0
2007-07-13,0
2007-07-14,0
2007-07-15,0
2007-07-16,0
2007-07-17,0
2007-07-18,0
2007-07-19,0
2007-07-20,0
2007-07-21,0
2007-07-22,0
2007-07-23,0
2007-07-24,0
2007-07-25,0
2007-07-26,0
2007-07-27,0
2007-07-28,0
2007-07-29,0
2007-07-30,0
2007-07-31,0
2007-08-01,0
2007-08-02,0
2007-08-03,0
2007-08-04,0
2007-08-05,0
2007-08-06,0
2007-08-07,0
2007-08-08,0
2007-08-09,0
2007-08-10,0
2007-08-11,0
2007-08-12,0
2007-08-13,0
2007-08-14,0
2007-08-15,0
2007-08-16,0
2007-08-17,0
2007-08-18,0
2007-08-19,0
2007-08-20,0
2007-08-21,0
2007-08-22,0
2007-08-23,0
2007-08-24,0
2007-08-25,0
2007-08-26,0
2007-08-27,0
2007-08-28,0
2007-08-29,0
2007-08-30,0
2007-08-31,0
2007-09-01,0
2007-09-02,0
2007-09-03,0
2007-09-04,0
2007-09-05,0
2007-09-06,0
2007-09-07,0
2007-09-08,0
2007-09-09,0
2007-09-10,0
2007-09-11,0
2007-09-12,0
2007-09-13,0
2007-09-14,0
2007-09-15,0
2007-09-16,0
2007-09-17,0
2007-09-18,0
2007-09-19,0
2007-09-20,0
2007-09-21,0
2007-09-22,0
2007-09-23,0
2007-09-24,0
2007-09-25,0
2007-09-26,0
2007-09-27,0
2007-09-28,0
2007-09-29,0
2007-09-30,0
2007-10-01,0.39704
2007-10-02,0.72127
2007-10-03,0.54376
2007-10-04,0.54981
2007-10-05,0.45203
2007-10-06,0.37737
2007-10-07,0.36006
2007-10-08,0.12448
2007-10-09,0
2007-10-10,0
2007-10-11,0
2007-10-12,0
2007-10-13,0
2007-10-14,0
2007-10-15,0
2007-10-16,0
2007-10-17,0
2007-10-18,0
2007-10-19,0
2007-10-20,0
2007-10-21,0
2007-10-22,0
2007-10-23,0
2007-10-24,0
2007-10-25,0
2007-10-26,0
2007-10-27,0
2007-10-28,0
2007-10-29,0
2007-10-30,0
2007-10-31,0
2007-11-01,0
2007-11-02,0
2007-11-03,0
2007-11-04,0
2007-11-05,0
2007-11-06,0
2007-11-07,0
2007-11-08,0
2007-11-09,0
2007-11-10,0
2007-11-11,0
2007-11-12,0
2007-11-13,0
2007-11-14,0
2007-11-15,0
2007-11-16,0
2007-11-17,0
2007-11-18,0
2007-11-19,0
2007-11-20,0
2007-11-21,0
2007-11-22,0
2007-11-23,0
2007-11-24,0
2007-11-25,0
2007-11-26,0
2007-11-27,0
2007-11-28,0
2007-11-29,0
2007-11-30,0
2007-12-01,0
2007-12-02,0
2007-12-03,0
2007-12-04,0
2007-12-05,0
2007-12-06,0
2007-12-07,0
2007-12-08,0
2007-12-09,0
2007-12-10,0
2007-12-11,0
2007-12-12,0
2007-12-13,0
2007-12-14,0
2007-12-15,0
2007-12-16,0
2007-12-17,0
2007-12-18,0
2007-12-19,0
2007-12-20,0
2007-12-21,0
2007-12-22,0
2007-12-23,0
2007-12-24,0
2007-12-25,0
2007-12-26,0
2007-12-27,0
2007-12-28,0
2007-12-29,0
2007-12-30,0
2007-12-31,0
2008-01-01,0
2008-01-02,0
2008-01-03,0
2008-01-04,0
2008-01-05,0
2008-01-06,0
2008-01-07,0
2008-01-08,0
2008-01-09,0
2008-01-10,0
2008-01-11,0
2008-01-12,0
2008-01-13,0
2008-01-14,0
2008-01-15,0
2008-01-16,0
2008-01-17,0
2008-01-18,0
2008-01-19,0
2008-01-20,0
2008-01-21,0
2008-01-22,0
2008-01-23,0
2008-01-24,0
2008-01-25,0
2008-01-26,0
2008-01-27,0
2008-01-28,0
2008-01-29,0
2008-01-30,0
2008-01-31,0
2008-02-01,0
2008-02-02,0
2008-02-03,0
2008-02-04,0
2008-02-05,0
2008-02-06,0
2008-02-07,0
2008-02-08,0
2008-02-09,0
2008-02-10,0
2008-02-11,0
2008-02-12,0
2008-02-13,0
2008-02-14,0
2008-02-15,0
2008-02-16,0
2008-02-17,0
2008-02-18,0
2008-02-19,0
2008-02-20,0
2008-02-21,0
2008-02-22,0
2008-02-23,0
2008-02-24,0
2008-02-25,0
2008-02-26,0
2008-02-27,0
2008-02-28,0
2008-02-29,0
2008-03-01,0
2008-03-02,0
2008-03-03,0
2008-03-04,0
2008-03-05,0
2008-03-06,0
2008-03-07,0
2008-03-08,0
2008-03-09,0
2008-03-10,0
2008-03-11,0
2008-03-12,0
2008-03-13,0
2008-03-14,0
2008-03-15,0
2008-03-16,0
2008-03-17,0
2008-03-18,0
2008-03-19,0
2008-03-20,0
2008-03-21,0
2008-03-22,0
2008-03-23,0
2008-03-24,0
2008-03-25,0
2008-03-26,0
2008-03-27,0
2008-03-28,0
2008-03-29,0
2008-03-30,0
2008-03-31,0
2008-04-01,0
2008-04-02,0
2008-04-03,0
2008-04-04,0
2008-04-05,0
2008-04-06,0
2008-04-07,0
2008-04-08,0
2008-04-09,0
2008-04-10,0
2008-04-11,0
2008-04-12,0
2008-04-13,0
2008-04-14,0
2008-04-15,0
2008-04-16,0
2008-04-17,0
2008-04-18,0
2008-04-19,0
2008-04-20,0
2008-04-21,0
2008-04-22,0
2008-04-23,0
2008-04-24,0
2008-04-25,0
2008-04-26,0
2008-04-27,0
2008-04-28,0
2008-04-29,0
2008-04-30,0
2008-05-01,0
2008-05-02,0
2008-05-03,0
2008-05-04,0
2008-05-05,0
2008-05-06,0
2008-05-07,0
2008-05-08,0
2008-05-09,0
2008-05-10,0
2008-05-11,0
2008-05-12,0
2008-05-13,0
2008-05-14,0
2008-05-15,0
2008-05-16,0
2008-05-17,0
2008-05-18,0
2008-05-19,0
2008-05-20,0
2008-05-21,0
2008-05-22,0
2008-05-23,0
2008-05-24,0
2008-05-25,0
2008-05-26,0
2008-05-27,0
2008-05-28,0
2008-05-29,0
2008-05-30,0
2008-05-31,0
2008-06-01,0
2008-06-02,0
2008-06-03,0
2008-06-04,0
2008-06-05,0
2008-06-06,0
2008-06-07,0
2008-06-08,0
2008-06-09,0
2008-06-10,0
2008-06-11,0
2008-06-12,0
2008-06-13,0
2008-06-14,0
2008-06-15,0
2008-06-16,0
2008-06-17,0
2008-06-18,0
2008-06-19,0
2008-06-20,0
2008-06-21,0
2008-06-22,0
2008-06-23,0
2008-06-24,0
2008-06-25,0
2008-06-26,0
2008-06-27,0
2008-06-28,0
2008-06-29,0
2008-06-30,0
2008-07-01,0
2008-07-02,0
2008-07-03,0
2008-07-04,0
2008-07-05,0
2008-07-06,0
2008-07-07,0
2008-07-08,0
2008-07-09,0
2008-07-10,0
2008-07-11,0
2008-07-12,0
2008-07-13,0
2008-07-14,0
2008-07-15,0
2008-07-16,0
2008-07-17,0
2008-07-18,0
2008-07-19,0
2008-07-20,0
2008-07-21,0
2008-07-22,0
2008-07-23,0
2008-07-24,0
2008-07-25,0
2008-07-26,0
2008-07-27,0
2008-07-28,0
2008-07-29,0
2008-07-30,0
2008-07-31,0
2008-08-01,0
2008-08-02,0
2008-08-03,0
2008-08-04,0
2008-08-05,0
2008-08-06,0
2008-08-07,0
2008-08-08,0
2008-08-09,0
2008-08-10,0
2008-08-11,0
2008-08-12,0
2008-08-13,0
2008-08-14,0
2008-08-15,0
2008-08-16,0
2008-08-17,0
2008-08-18,0.24239
2008-08-19,0.77341
2008-08-20,0.79548
2008-08-21,0.39584
2008-08-22,0
2008-08-23,0
2008-08-24,0
2008-08-25,0
2008-08-26,0
2008-08-27,0
2008-08-28,0
2008-08-29,0
2008-08-30,0
2008-08-31,0
2008-09-01,0
2008-09-02,0
2008-09-03,0
2008-09-04,0
2008-09-05,0
2008-09-06,0
2008-09-07,0
2008-09-08,0
2008-09-09,0
2008-09-10,0
2008-09-11,0
2008-09-12,0
2008-09-13,0
2008-09-14,0
2008-09-15,0
2008-09-16,0
2008-09-17,0
2008-09-18,0
2008-09-19,0
2008-09-20,0
2008-09-21,0
2008-09-22,0
2008-09-23,0
2008-09-24,0
2008-09-25,0
2008-09-26,0
2008-09-27,0
2008-09-28,0
2008-09-29,0
2008-09-30,0
2008-10-01,0
2008-10-02,0
2008-10-03,0
2008-10-04,0
2008-10-05,0
2008-10-06,0
2008-10-07,0
2008-10-08,0
2008-10-09,0
2008-10-10,0
2008-10-11,0
2008-10-12,0
2008-10-13,0
2008-10-14,0
2008-10-15,0
2008-10-16,0
2008-10-17,0
2008-10-18,0
2008-10-19,0
2008-10-20,0
2008-10-21,0
2008-10-22,0
2008-10-23,0
2008-10-24,0
2008-10-25,0
2008-10-26,0
2008-10-27,0
2008-10-28,0
2008-10-29,0
2008-10-30,0
2008-10-31,0
2008-11-01,0
2008-11-02,0
2008-11-03,0
2008-11-04,0
2008-11-05,0
2008-11-06,0
2008-11-07,0
2008-11-08,0
2008-11-09,0
2008-11-10,0
2008-11-11,0
2008-11-12,0
2008-11-13,0
2008-11-14,0
2008-11-15,0
2008-11-16,0
2008-11-17,0
2008-11-18,0
2008-11-19,0
2008-11-20,0
2008-11-21,0
2008-11-22,0
2008-11-23,0
2008-11-24,0
2008-11-25,0
2008-11-26,0
2008-11-27,0
2008-11-28,0
2008-11-29,0
2008-11-30,0
2008-12-01,0
2008-12-02,0
2008-12-03,0
2008-12-04,0
2008-12-05,0
2008-12-06,0
2008-12-07,0
2008-12-08,0
2008-12-09,0
2008-12-10,0
2008-12-11,0
2008-12-12,0
2008-12-13,0
2008-12-14,0
2008-12-15,0
2008-12-16,0
2008-12-17,0
2008-12-18,0
2008-12-19,0
2008-12-20,0
2008-12-21,0
2008-12-22,0
2008-12-23,0
2008-12-24,0
2008-12-25,0
2008-12-26,0
2008-12-27,0
2008-12-28,0
2008-12-29,0
2008-12-30,0
2008-12-31,0
2009-01-01,0
2009-01-02,0
2009-01-03,0
2009-01-04,0
2009-01-05,0
2009-01-06,0
2009-01-07,0
2009-01-08,0
2009-01-09,0
2009-01-10,0
2009-01-11,0
2009-01-12,0
2009-01-13,0
2009-01-14,0
2009-01-15,0
2009-01-16,0
2009-01-17,0
2009-01-18,0
2009-01-19,0
2009-01-20,0
2009-01-21,0
2009-01-22,0
2009-01-23,0
2009-01-24,0
2009-01-25,0
2009-01-26,0
2009-01-27,0
2009-01-28,0
2009-01-29,0
2009-01-30,0
2009-01-31,0
2009-02-01,0
2009-02-02,0
2009-02-03,0
2009-02-04,0
2009-02-05,0
2009-02-06,0
2009-02-07,0
2009-02-08,0
2009-02-09,0
2009-02-10,0
2009-02-11,0
2009-02-12,0
2009-02-13,0
2009-02-14,0
2009-02-15,0
2009-02-16,0
2009-02-17,0
2009-02-18,0
2009-02-19,0
2009-02-20,0
2009-02-21,0
2009-02-22,0
2009-02-23,0
2009-02-24,0
2009-02-25,0
2009-02-26,0
2009-02-27,0
2009-02-28,0
2009-03-01,0
2009-03-02,0
2009-03-03,0
2009-03-04,0
2009-03-05,0
2009-03-06,0
2009-03-07,0
2009-03-08,0
2009-03-09,0
2009-03-10,0
2009-03-11,0
2009-03-12,0
2009-03-13,0
2009-03-14,0
2009-03-15,0
2009-03-16,0
2009-03-17,0
2009-03-18,0
2009-03-19,0
2009-03-20,0
2009-03-21,0
2009-03-22,0
2009-03-23,0
2009-03-24,0
2009-03-25,0
2009-03-26,0
2009-03-27,0
2009-03-28,0
2009-03-29,0
2009-03-30,0
2009-03-31,0
2009-04-01,0
2009-04-02,0
2009-04-03,0
2009-04-04,0
2009-04-05,0
2009-04-06,0
2009-04-07,0
2009-04-08,0
2009-04-09,0
2009-04-10,0
2009-04-11,0
2009-04-12,0
2009-04-13,0
2009-04-14,0
2009-04-15,0
2009-04-16,0
2009-04-17,0
2009-04-18,0
2009-04-19,0
2009-04-20,0
2009-04-21,0
2009-04-22,0
2009-04-23,0
2009-04-24,0
2009-04-25,0
2009-04-26,0
2009-04-27,0
2009-04-28,0
2009-04-29,0
2009-04-30,0
2009-05-01,0
2009-05-02,0
2009-05-03,0
2009-05-04,0
2009-05-05,0
2009-05-06,0
2009-05-07,0
2009-05-08,0
2009-05-09,0
2009-05-10,0
2009-05-11,0
2009-05-12,0
2009-05-13,0
2009-05-14,0
2009-05-15,0
2009-05-16,0
2009-05-17,0
2009-05-18,0
2009-05-19,0
2009-05-20,0
2009-05-21,0
2009-05-22,0
2009-05-23,0
2009-05-24,0
2009-05-25,0
2009-05-26,0
2009-05-27,0
2009-05-28,0
2009-05-29,0
2009-05-30,0
2009-05-31,0
2009-06-01,0
2009-06-02,0
2009-06-03,0
2009-06-04,0
2009-06-05,0
2009-06-06,0
2009-06-07,0
2009-06-08,0
2009-06-09,0
2009-06-10,0
2009-06-11,0
2009-06-12,0
2009-06-13,0
2009-06-14,0
2009-06-15,0
2009-06-16,0
2009-06-17,0
2009-06-18,0
2009-06-19,0
2009-06-20,0
2009-06-21,0
2009-06-22,0
2009-06-23,0
2009-06-24,0
2009-06-25,0
2009-06-26,0
2009-06-27,0
2009-06-28,0
2009-06-29,0
2009-06-30,0
2009-07-01,0
2009-07-02,0
2009-07-03,0
2009-07-04,0
2009-07-05,0
2009-07-06,0
2009-07-07,0
2009-07-08,0
2009-07-09,0
2009-07-10,0
2009-07-11,0
2009-07-12,0
2009-07-13,0
2009-07-14,0
2009-07-15,0
2009-07-16,0
2009-07-17,0
2009-07-18,0
2009-07-19,0
2009-07-20,0
2009-07-21,0
2009-07-22,0
2009-07-23,0
2009-07-24,0
2009-07-25,0
2009-07-26,0
2009-07-27,0
2009-07-28,0
2009-07-29,0
2009-07-30,0
2009-07-31,0
2009-08-01,0
2009-08-02,0
2009-08-03,0
2009-08-04,0
2009-08-05,0
2009-08-06,0
2009-08-07,0
2009-08-08,0
2009-08-09,0
2009-08-10,0
2009-08-11,0
2009-08-12,0
2009-08-13,0
2009-08-14,0
2009-08-15,0
2009-08-16,0
2009-08-17,0
2009-08-18,0
2009-08-19,0
2009-08-20,0
2009-08-21,0
2009-08-22,0
2009-08-23,0
2009-08-24,0
2009-08-25,0
2009-08-26,0
2009-08-27,0
2009-08-28,0
2009-08-29,0
2009-08-30,0
2009-08-31,0
2009-09-01,0
2009-09-02,0
2009-09-03,0
2009-09-04,0
2009-09-05,0
2009-09-06,0.34346
2009-09-07,0.63164
2009-09-08,0.26032
2009-09-09,0
2009-09-10,0
2009-09-11,0
2009-09-12,0
2009-09-13,0
2009-09-14,0
2009-09-15,0
2009-09-16,0.31576
2009-09-17,0.448
2009-09-18,0.45138
2009-09-19,0.44591
2009-09-20,0.44096
2009-09-21,0.47136
2009-09-22,0.46876
2009-09-23,0.35388
2009-09-24,0.21409
2009-09-25,0.11264
2009-09-26,0
2009-09-27,0
2009-09-28,0
2009-09-29,0
2009-09-30,0
2009-10-01,0
2009-10-02,0
2009-10-03,0
2009-10-04,0
2009-10-05,0
2009-10-06,0
2009-10-07,0
2009-10-08,0
2009-10-09,0
2009-10-10,0
2009-10-11,0
2009-10-12,0
2009-10-13,0
2009-10-14,0
2009-10-15,0
2009-10-16,0
2009-10-17,0
2009-10-18,0
2009-10-19,0
2009-10-20,0
2009-10-21,0
2009-10-22,0
2009-10-23,0
2009-10-24,0
2009-10-25,0
2009-10-26,0
2009-10-27,0
2009-10-28,0
2009-10-29,0
2009-10-30,0
2009-10-31,0
2009-11-01,0
2009-11-02,0
2009-11-03,0
2009-11-04,0
2009-11-05,0
2009-11-06,0
2009-11-07,0
2009-11-08,0
2009-11-09,0
2009-11-10,0
2009-11-11,0
2009-11-12,0
2009-11-13,0
2009-11-14,0
2009-11-15,0
2009-11-16,0
2009-11-17,0
2009-11-18,0
2009-11-19,0
2009-11-20,0
2009-11-21,0
2009-11-22,0
2009-11-23,0
2009-11-24,0
2009-11-25,0.28709
2009-11-26,0.50832
2009-11-27,0.49754
2009-11-28,0.21244
2009-11-29,0
2009-11-30,0
2009-12-01,0
2009-12-02,0
2009-12-03,0
2009-12-04,0
2009-12-05,0
2009-12-06,0
2009-12-07,0
2009-12-08,0
2009-12-09,0
2009-12-10,0
2009-12-11,0
2009-12-12,0
2009-12-13,0
2009-12-14,0
2009-12-15,0
2009-12-16,0
2009-12-17,0
2009-12-18,0.16844
2009-12-19,0.64723
2009-12-20,0.2484
2009-12-21,0
2009-12-22,0
2009-12-23,0
2009-12-24,0
2009-12-25,0
2009-12-26,0
2009-12-27,0
2009-12-28,0
2009-12-29,0
2009-12-30,0
2009-12-31,0
2010-01-01,0
2010-01-02,0
2010-01-03,0
2010-01-04,0
2010-01-05,0
2010-01-06,0
2010-01-07,0
2010-01-08,0
2010-01-09,0
2010-01-10,0
2010-01-11,0
2010-01-12,0
2010-01-13,0
2010-01-14,0
2010-01-15,0
2010-01-16,0
2010-01-17,0
2010-01-18,0
2010-01-19,0
2010-01-20,0
2010-01-21,0
2010-01-22,0
2010-01-23,0
2010-01-24,0
2010-01-25,0
2010-01-26,0
2010-01-27,0
2010-01-28,0
2010-01-29,0
2010-01-30,0
2010-01-31,0
2010-02-01,0
2010-02-02,0
2010-02-03,0
2010-02-04,0
2010-02-05,0
2010-02-06,0
2010-02-07,0
2010-02-08,0
2010-02-09,0
2010-02-10,0
2010-02-11,0
2010-02-12,0
2010-02-13,0
2010-02-14,0
2010-02-15,0
2010-02-16,0
2010-02-17,0
2010-02-18,0
2010-02-19,0
2010-02-20,0
2010-02-21,0
2010-02-22,0
2010-02-23,0
2010-02-24,0
2010-02-25,0
2010-02-26,0
2010-02-27,0
2010-02-28,0
2010-03-01,0
2010-03-02,0
2010-03-03,0
2010-03-04,0
2010-03-05,0
2010-03-06,0
2010-03-07,0
2010-03-08,0
2010-03-09,0
2010-03-10,0
2010-03-11,0
2010-03-12,0
2010-03-13,0
2010-03-14,0
2010-03-15,0
2010-03-16,0
2010-03-17,0
2010-03-18,0
2010-03-19,0
2010-03-20,0
2010-03-21,0
2010-03-22,0
2010-03-23,0
2010-03-24,0
2010-03-25,0
2010-03-26,0
2010-03-27,0
2010-03-28,0
2010-03-29,0
2010-03-30,0
2010-03-31,0
2010-04-01,0
2010-04-02,0
2010-04-03,0
2010-04-04,0
2010-04-05,0
2010-04-06,0
2010-04-07,0
2010-04-08,0
2010-04-09,0
2010-04-10,0
2010-04-11,0
2010-04-12,0
2010-04-13,0
2010-04-14,0
2010-04-15,0
2010-04-16,0
2010-04-17,0
2010-04-18,0
2010-04-19,0
2010-04-20,0
2010-04-21,0
2010-04-22,0
2010-04-23,0
2010-04-24,0
2010-04-25,0
2010-04-26,0
2010-04-27,0
2010-04-28,0
2010-04-29,0
2010-04-30,0
2010-05-01,0
2010-05-02,0
2010-05-03,0
2010-05-04,0
2010-05-05,0
2010-05-06,0
2010-05-07,0
2010-05-08,0
2010-05-09,0
2010-05-10,0
2010-05-11,0
2010-05-12,0
2010-05-13,0
2010-05-14,0
2010-05-15,0
2010-05-16,0
2010-05-17,0
2010-05-18,0
2010-05-19,0
2010-05-20,0
2010-05-21,0
2010-05-22,0
2010-05-23,0
2010-05-24,0
2010-05-25,0
2010-05-26,0
2010-05-27,0
2010-05-28,0
2010-05-29,0
2010-05-30,0
2010-05-31,0
2010-06-01,0
2010-06-02,0
2010-06-03,0
2010-06-04,0
2010-06-05,0
2010-06-06,0
2010-06-07,0
2010-06-08,0
2010-06-09,0
2010-06-10,0
2010-06-11,0
2010-06-12,0
2010-06-13,0
2010-06-14,0
2010-06-15,0
2010-06-16,0
2010-06-17,0
2010-06-18,0
2010-06-19,0
2010-06-20,0
2010-06-21,0
2010-06-22,0
2010-06-23,0
2010-06-24,0
2010-06-25,0
2010-06-26,0
2010-06-27,0
2010-06-28,0
2010-06-29,0
2010-06-30,0
2010-07-01,0
2010-07-02,0
2010-07-03,0
2010-07-04,0
2010-07-05,0
2010-07-06,0
2010-07-07,0
2010-07-08,0
2010-07-09,0
2010-07-10,0
2010-07-11,0
2010-07-12,0
2010-07-13,0
2010-07-14,0
2010-07-15,0
2010-07-16,0
2010-07-17,0
2010-07-18,0
2010-07-19,0
2010-07-20,0
2010-07-21,0
2010-07-22,0
2010-07-23,0
2010-07-24,0
2010-07-25,0
2010-07-26,0
2010-07-27,0
2010-07-28,0
2010-07-29,0
2010-07-30,0
2010-07-31,0
2010-08-01,0
2010-08-02,0
2010-08-03,0
2010-08-04,0
2010-08-05,0
2010-08-06,0
2010-08-07,0
2010-08-08,0
2010-08-09,0
2010-08-10,0
2010-08-11,0
2010-08-12,0
2010-08-13,0
2010-08-14,0
2010-08-15,0
2010-08-16,0
2010-08-17,0
2010-08-18,0
2010-08-19,0
2010-08-20,0
2010-08-21,0
2010-08-22,0
2010-08-23,0
2010-08-24,0
2010-08-25,0
2010-08-26,0
2010-08-27,0
2010-08-28,0
2010-08-29,0
2010-08-30,0
2010-08-31,0
2010-09-01,0
2010-09-02,0
2010-09-03,0
2010-09-04,0
2010-09-05,0
2010-09-06,0
2010-09-07,0
2010-09-08,0
2010-09-09,0
2010-09-10,0
2010-09-11,0
2010-09-12,0
2010-09-13,0.44788
2010-09-14,0.61851
2010-09-15,0.56486
2010-09-16,0.5806
2010-09-17,0.61467
2010-09-18,0.56352
2010-09-19,0.54974
2010-09-20,0.50868
2010-09-21,0.21213
2010-09-22,0
2010-09-23,0
2010-09-24,0
2010-09-25,0
2010-09-26,0
2010-09-27,0
2010-09-28,0
2010-09-29,0.56355
2010-09-30,1.36686
2010-10-01,1.45249
2010-10-02,0.9334
2010-10-03,0.67922
2010-10-04,0.59876
2010-10-05,0.1942
2010-10-06,0
2010-10-07,0
2010-10-08,0
2010-10-09,0
2010-10-10,0
2010-10-11,0
2010-10-12,0
2010-10-13,0.1555
2010-10-14,0.62037
2010-10-15,0.5789
2010-10-16,0.57442
2010-10-17,0.20945
2010-10-18,0
2010-10-19,0
2010-10-20,0
2010-10-21,0
2010-10-22,0
2010-10-23,0
2010-10-24,0
2010-10-25,0
2010-10-26,0
2010-10-27,0
2010-10-28,0
2010-10-29,0
2010-10-30,0
2010-10-31,0
2010-11-01,0
2010-11-02,0
2010-11-03,0
2010-11-04,0
2010-11-05,0
2010-11-06,0
2010-11-07,0
2010-11-08,0
2010-11-09,0
2010-11-10,0
2010-11-11,0
2010-11-12,0
2010-11-13,0
2010-11-14,0
2010-11-15,0
2010-11-16,0
2010-11-17,0
2010-11-18,0
2010-11-19,0
2010-11-20,0
2010-11-21,0
2010-11-22,0
2010-11-23,0
2010-11-24,0
2010-11-25,0
2010-11-26,0
2010-11-27,0
2010-11-28,0
2010-11-29,0
2010-11-30,0
2010-12-01,0
2010-12-02,0
2010-12-03,0
2010-12-04,0
2010-12-05,0
2010-12-06,0
2010-12-07,0
2010-12-08,0
2010-12-09,0
2010-12-10,0
2010-12-11,0
2010-12-12,0
2010-12-13,0
2010-12-14,0
2010-12-15,0
2010-12-16,0
2010-12-17,0
2010-12-18,0
2010-12-19,0
2010-12-20,0
2010-12-21,0
2010-12-22,0
2010-12-23,0
2010-12-24,0
2010-12-25,0
2010-12-26,0
2010-12-27,0
2010-12-28,0
2010-12-29,0
2010-12-30,0
2010-12-31,0
2011-01-01,0
2011-01-02,0
2011-01-03,0
2011-01-04,0
2011-01-05,0
2011-01-06,0
2011-01-07,0
2011-01-08,0
2011-01-09,0
2011-01-10,0
2011-01-11,0
2011-01-12,0
2011-01-13,0
2011-01-14,0
2011-01-15,0
2011-01-16,0
2011-01-17,0
2011-01-18,0
2011-01-19,0
2011-01-20,0
2011-01-21,0
2011-01-22,0
2011-01-23,0
2011-01-24,0
2011-01-25,0
2011-01-26,0
2011-01-27,0
2011-01-28,0
2011-01-29,0
2011-01-30,0
2011-01-31,0
2011-02-01,0
2011-02-02,0
2011-02-03,0
2011-02-04,0
2011-02-05,0
2011-02-06,0
2011-02-07,0
2011-02-08,0
2011-02-09,0
2011-02-10,0
2011-02-11,0
2011-02-12,0
2011-02-13,0
2011-02-14,0
2011-02-15,0
2011-02-16,0
2011-02-17,0
2011-02-18,0
2011-02-19,0
2011-02-20,0
2011-02-21,0
2011-02-22,0
2011-02-23,0
2011-02-24,0
2011-02-25,0
2011-02-26,0
2011-02-27,0
2011-02-28,0
2011-03-01,0
2011-03-02,0
2011-03-03,0
2011-03-04,0
2011-03-05,0
2011-03-06,0
2011-03-07,0
2011-03-08,0
2011-03-09,0
2011-03-10,0
2011-03-11,0
2011-03-12,0
2011-03-13,0
2011-03-14,0
2011-03-15,0
2011-03-16,0
2011-03-17,0
2011-03-18,0
2011-03-19,0
2011-03-20,0
2011-03-21,0
2011-03-22,0
2011-03-23,0
2011-03-24,0
2011-03-25,0
2011-03-26,0
2011-03-27,0
2011-03-28,0
2011-03-29,0
2011-03-30,0
2011-03-31,0
2011-04-01,0
2011-04-02,0
2011-04-03,0
2011-04-04,0
2011-04-05,0
2011-04-06,0
2011-04-07,0
2011-04-08,0
2011-04-09,0
2011-04-10,0
2011-04-11,0
2011-04-12,0
2011-04-13,0
2011-04-14,0
2011-04-15,0
2011-04-16,0
2011-04-17,0
2011-04-18,0
2011-04-19,0
2011-04-20,0
2011-04-21,0
2011-04-22,0
2011-04-23,0
2011-04-24,0
2011-04-25,0
2011-04-26,0
2011-04-27,0
2011-04-28,0
2011-04-29,0
2011-04-30,0
2011-05-01,0
2011-05-02,0
2011-05-03,0
2011-05-04,0
2011-05-05,0
2011-05-06,0
2011-05-07,0
2011-05-08,0
2011-05-09,0
2011-05-10,0
2011-05-11,0
2011-05-12,0
2011-05-13,0
2011-05-14,0
2011-05-15,0
2011-05-16,0
2011-05-17,0
2011-05-18,0
2011-05-19,0
2011-05-20,0
2011-05-21,0
2011-05-22,0
2011-05-23,0
2011-05-24,0
2011-05-25,0
2011-05-26,0
2011-05-27,0
2011-05-28,0
2011-05-29,0
2011-05-30,0
2011-05-31,0
2011-06-01,0
2011-06-02,0
2011-06-03,0
2011-06-04,0
2011-06-05,0
2011-06-06,0
2011-06-07,0
2011-06-08,0
2011-06-09,0
2011-06-10,0
2011-06-11,0
2011-06-12,0
2011-06-13,0
2011-06-14,0
2011-06-15,0
2011-06-16,0
2011-06-17,0
2011-06-18,0
2011-06-19,0
2011-06-20,0
2011-06-21,0
2011-06-22,0
2011-06-23,0
2011-06-24,0
2011-06-25,0
2011-06-26,0
2011-06-27,0
2011-06-28,0
2011-06-29,0
2011-06-30,0
2011-07-01,0
2011-07-02,0
2011-07-03,0
2011-07-04,0
2011-07-05,0
2011-07-06,0
2011-07-07,0
2011-07-08,0
2011-07-09,0
2011-07-10,0
2011-07-11,0
2011-07-12,0
2011-07-13,0
2011-07-14,0
2011-07-15,0
2011-07-16,0
2011-07-17,0
2011-07-18,0
2011-07-19,0
2011-07-20,0
2011-07-21,0
2011-07-22,0
2011-07-23,0
2011-07-24,0
2011-07-25,0
2011-07-26,0
2011-07-27,0
2011-07-28,0
2011-07-29,0
2011-07-30,0
2011-07-31,0
2011-08-01,0
2011-08-02,0
2011-08-03,0
2011-08-04,0
2011-08-05,0
2011-08-06,0
2011-08-07,0
2011-08-08,0
2011-08-09,0
2011-08-10,0
2011-08-11,0
2011-08-12,0
2011-08-13,0
2011-08-14,0
2011-08-15,0
2011-08-16,0
2011-08-17,0
2011-08-18,0
2011-08-19,0
2011-08-20,0
2011-08-21,0
2011-08-22,0
2011-08-23,0
2011-08-24,0
2011-08-25,0
2011-08-26,0
2011-08-27,0
2011-08-28,0
2011-08-29,0
2011-08-30,0
2011-08-31,0
2011-09-01,0
2011-09-02,0
2011-09-03,0
2011-09-04,0
2011-09-05,0
2011-09-06,0
2011-09-07,0
2011-09-08,0
2011-09-09,0
2011-09-10,0
2011-09-11,0
2011-09-12,0
2011-09-13,0
2011-09-14,0
2011-09-15,0
2011-09-16,0
2011-09-17,0
2011-09-18,0
2011-09-19,0
2011-09-20,0
2011-09-21,0
2011-09-22,0
2011-09-23,0
2011-09-24,0
2011-09-25,0
2011-09-26,0
2011-09-27,0
2011-09-28,0
2011-09-29,0
2011-09-30,0
2011-10-01,0
2011-10-02,0
2011-10-03,0
2011-10-04,0
2011-10-05,0
2011-10-06,0
2011-10-07,0
2011-10-08,-0.02737
2011-10-09,0.43226
2011-10-10,0.56223
2011-10-11,0.54038
2011-10-12,0.52872
2011-10-13,0.31624
2011-10-14,0
2011-10-15,0
2011-10-16,0.30067
2011-10-17,0.5495
2011-10-18,0.59424
2011-10-19,0.70835
2011-10-20,0.69907
2011-10-21,0.69309
2011-10-22,0.26706
2011-10-23,0
2011-10-24,0
2011-10-25,0
2011-10-26,0
2011-10-27,0
2011-10-28,0
2011-10-29,0
2011-10-30,0
2011-10-31,0
2011-11-01,0
2011-11-02,0
2011-11-03,0
2011-11-04,0
2011-11-05,0
2011-11-06,0
2011-11-07,0
2011-11-08,0
2011-11-09,0
2011-11-10,0
2011-11-11,0
2011-11-12,0
2011-11-13,0
2011-11-14,0
2011-11-15,0
2011-11-16,0
2011-11-17,0
2011-11-18,0
2011-11-19,0
2011-11-20,0
2011-11-21,0
2011-11-22,0
2011-11-23,0
2011-11-24,0
2011-11-25,0
2011-11-26,0
2011-11-27,0
2011-11-28,0
2011-11-29,0
2011-11-30,0
2011-12-01,0
2011-12-02,0
2011-12-03,0
2011-12-04,0
2011-12-05,0
2011-12-06,0
2011-12-07,0
2011-12-08,0
2011-12-09,0
2011-12-10,0
2011-12-11,0
2011-12-12,0
2011-12-13,0
2011-12-14,0
2011-12-15,0
2011-12-16,0
2011-12-17,0
2011-12-18,0
2011-12-19,0
2011-12-20,0
2011-12-21,0
2011-12-22,0
2011-12-23,0
2011-12-24,0
2011-12-25,0
2011-12-26,0
2011-12-27,0
2011-12-28,0
2011-12-29,0
2011-12-30,0
2011-12-31,0
2012-01-01,0
2012-01-02,0
2012-01-03,0
2012-01-04,0
2012-01-05,0
2012-01-06,0
2012-01-07,0
2012-01-08,0
2012-01-09,0
2012-01-10,0
2012-01-11,0
2012-01-12,0
2012-01-13,0
2012-01-14,0
2012-01-15,0
2012-01-16,0
2012-01-17,0
2012-01-18,0
2012-01-19,0
2012-01-20,0
2012-01-21,0
2012-01-22,0
2012-01-23,0
2012-01-24,0
2012-01-25,0
2012-01-26,0
2012-01-27,0
2012-01-28,0
2012-01-29,0
2012-01-30,0
2012-01-31,0
2012-02-01,0
2012-02-02,0
2012-02-03,0
2012-02-04,0
2012-02-05,0
2012-02-06,0
2012-02-07,0
2012-02-08,0
2012-02-09,0
2012-02-10,0
2012-02-11,0
2012-02-12,0
2012-02-13,0
2012-02-14,0
2012-02-15,0
2012-02-16,0
2012-02-17,0
2012-02-18,0
2012-02-19,0
2012-02-20,0
2012-02-21,0
2012-02-22,0
2012-02-23,0
2012-02-24,0
2012-02-25,0
2012-02-26,0
2012-02-27,0
2012-02-28,0
2012-02-29,0
2012-03-01,0
2012-03-02,0
2012-03-03,0
2012-03-04,0
2012-03-05,0
2012-03-06,0
2012-03-07,0
2012-03-08,0
2012-03-09,0
2012-03-10,0
2012-03-11,0
2012-03-12,0
2012-03-13,0
2012-03-14,0
2012-03-15,0
2012-03-16,0
2012-03-17,0
2012-03-18,0
2012-03-19,0
2012-03-20,0
2012-03-21,0
2012-03-22,0
2012-03-23,0
2012-03-24,0
2012-03-25,0
2012-03-26,0
2012-03-27,0
2012-03-28,0
2012-03-29,0
2012-03-30,0
2012-03-31,0
2012-04-01,0
2012-04-02,0
2012-04-03,0
2012-04-04,0
2012-04-05,0
2012-04-06,0
2012-04-07,0
2012-04-08,0
2012-04-09,0
2012-04-10,0
2012-04-11,0
2012-04-12,0
2012-04-13,0
2012-04-14,0
2012-04-15,0
2012-04-16,0
2012-04-17,0
2012-04-18,0
2012-04-19,0
2012-04-20,0
2012-04-21,0
2012-04-22,0
2012-04-23,0
2012-04-24,0
2012-04-25,0
2012-04-26,0
2012-04-27,0
2012-04-28,0
2012-04-29,0
2012-04-30,0
2012-05-01,0
2012-05-02,0
2012-05-03,0
2012-05-04,0
2012-05-05,0
2012-05-06,0
2012-05-07,0
2012-05-08,0
2012-05-09,0
2012-05-10,0
2012-05-11,0
2012-05-12,0
2012-05-13,0
2012-05-14,0
2012-05-15,0
2012-05-16,0
2012-05-17,0
2012-05-18,0
2012-05-19,0
2012-05-20,0
2012-05-21,0
2012-05-22,0
2012-05-23,0
2012-05-24,0
2012-05-25,0
2012-05-26,0
2012-05-27,0
2012-05-28,0
2012-05-29,0
2012-05-30,0
2012-05-31,0
2012-06-01,0
2012-06-02,0
2012-06-03,0
2012-06-04,0
2012-06-05,0
2012-06-06,0
2012-06-07,0
2012-06-08,0
2012-06-09,0
2012-06-10,0
2012-06-11,0
2012-06-12,0
2012-06-13,0
2012-06-14,0
2012-06-15,0
2012-06-16,0
2012-06-17,0
2012-06-18,0
2012-06-19,0
2012-06-20,0
2012-06-21,0
2012-06-22,0
2012-06-23,0
2012-06-24,0
2012-06-25,0
2012-06-26,0
2012-06-27,0
2012-06-28,0
2012-06-29,0
2012-06-30,0
2012-07-01,0
2012-07-02,0
2012-07-03,0
2012-07-04,0
2012-07-05,0
2012-07-06,0
2012-07-07,0
2012-07-08,0
2012-07-09,0
2012-07-10,0
2012-07-11,0
2012-07-12,0
2012-07-13,0
2012-07-14,0
2012-07-15,0
2012-07-16,0
2012-07-17,0
2012-07-18,0
2012-07-19,0
2012-07-20,0
2012-07-21,0
2012-07-22,0
2012-07-23,0
2012-07-24,0
2012-07-25,0
2012-07-26,0
2012-07-27,0
2012-07-28,0
2012-07-29,0
2012-07-30,0
2012-07-31,0
2012-08-01,0
2012-08-02,0
2012-08-03,0
2012-08-04,0
2012-08-05,0
2012-08-06,0
2012-08-07,0
2012-08-08,0
2012-08-09,0
2012-08-10,0
2012-08-11,0.79026
2012-08-12,0.79782
2012-08-13,0.24889
2012-08-14,0
2012-08-15,0
2012-08-16,0
2012-08-17,0
2012-08-18,0
2012-08-19,0
2012-08-20,0
2012-08-21,0
2012-08-22,0
2012-08-23,0
2012-08-24,0
2012-08-25,0
2012-08-26,0
2012-08-27,0
2012-08-28,0
2012-08-29,0
2012-08-30,0
2012-08-31,0
2012-09-01,0
2012-09-02,0
2012-09-03,0
2012-09-04,0
2012-09-05,0
2012-09-06,0
2012-09-07,0
2012-09-08,0
2012-09-09,0
2012-09-10,0
2012-09-11,0
2012-09-12,0
2012-09-13,0
2012-09-14,0
2012-09-15,0
2012-09-16,0
2012-09-17,0
2012-09-18,0
2012-09-19,0
2012-09-20,0
2012-09-21,0
2012-09-22,0
2012-09-23,0
2012-09-24,0
2012-09-25,0
2012-09-26,0
2012-09-27,0
2012-09-28,0
2012-09-29,0
2012-09-30,0
2012-10-01,0
2012-10-02,0
2012-10-03,0
2012-10-04,0
2012-10-05,0
2012-10-06,0
2012-10-07,0
2012-10-08,0
2012-10-09,0
2012-10-10,0
2012-10-11,0
2012-10-12,0
2012-10-13,0
2012-10-14,0
2012-10-15,0
2012-10-16,0
2012-10-17,0
2012-10-18,0
2012-10-19,0
2012-10-20,0
2012-10-21,0
2012-10-22,0
2012-10-23,0
2012-10-24,0
2012-10-25,0
2012-10-26,0
2012-10-27,0
2012-10-28,0
2012-10-29,0
2012-10-30,0
2012-10-31,0
2012-11-01,0
2012-11-02,0
2012-11-03,0
2012-11-04,0
2012-11-05,0
2012-11-06,0
2012-11-07,0
2012-11-08,0
2012-11-09,0
2012-11-10,0
2012-11-11,0
2012-11-12,0
2012-11-13,0
2012-11-14,0
2012-11-15,0
2012-11-16,0
2012-11-17,0
2012-11-18,0
2012-11-19,0
2012-11-20,0
2012-11-21,0
2012-11-22,0
2012-11-23,0
2012-11-24,0
2012-11-25,0
2012-11-26,0
2012-11-27,0
2012-11-28,0
2012-11-29,0
2012-11-30,0
2012-12-01,0
2012-12-02,0
2012-12-03,0
2012-12-04,0
2012-12-05,0
2012-12-06,0
2012-12-07,0
2012-12-08,0
2012-12-09,0
2012-12-10,0
2012-12-11,0
2012-12-12,0
2012-12-13,0
2012-12-14,0
2012-12-15,0
2012-12-16,0
2012-12-17,0
2012-12-18,0
2012-12-19,0
2012-12-20,0
2012-12-21,0
2012-12-22,0
2012-12-23,0
2012-12-24,0
2012-12-25,0
2012-12-26,0
2012-12-27,0
2012-12-28,0
2012-12-29,0
2012-12-30,0
2012-12-31,0
2013-01-01,0
2013-01-02,0
2013-01-03,0
2013-01-04,0
2013-01-05,0
2013-01-06,0
2013-01-07,0
2013-01-08,0
2013-01-09,0
2013-01-10,0
2013-01-11,0
2013-01-12,0
2013-01-13,0
2013-01-14,0
2013-01-15,0
2013-01-16,0
2013-01-17,0
2013-01-18,0
2013-01-19,0
2013-01-20,0
2013-01-21,0
2013-01-22,0
2013-01-23,0
2013-01-24,0
2013-01-25,0
2013-01-26,0
2013-01-27,0
2013-01-28,0
2013-01-29,0
2013-01-30,0
2013-01-31,0
2013-02-01,0
2013-02-02,0
2013-02-03,0
2013-02-04,0
2013-02-05,0
2013-02-06,0
2013-02-07,0
2013-02-08,0
2013-02-09,0
2013-02-10,0
2013-02-11,0
2013-02-12,0
2013-02-13,0
2013-02-14,0
2013-02-15,0
2013-02-16,0
2013-02-17,0
2013-02-18,0
2013-02-19,0
2013-02-20,0
2013-02-21,0
2013-02-22,0
2013-02-23,0
2013-02-24,0
2013-02-25,0
2013-02-26,0
2013-02-27,0
2013-02-28,0
2013-03-01,0
2013-03-02,0
2013-03-03,0
2013-03-04,0
2013-03-05,0
2013-03-06,0
2013-03-07,0
2013-03-08,0
2013-03-09,0
2013-03-10,0
2013-03-11,0
2013-03-12,0
2013-03-13,0
2013-03-14,0
2013-03-15,0
2013-03-16,0
2013-03-17,0
2013-03-18,0
2013-03-19,0
2013-03-20,0
2013-03-21,0
2013-03-22,0
2013-03-23,0
2013-03-24,0
2013-03-25,0
2013-03-26,0
2013-03-27,0
2013-03-28,0
2013-03-29,0
2013-03-30,0
2013-03-31,0
2013-04-01,0
2013-04-02,0
2013-04-03,0.00017
2013-04-04,0
2013-04-05,0
2013-04-06,0
2013-04-07,0
2013-04-08,0
2013-04-09,0
2013-04-10,0
2013-04-11,0
2013-04-12,0
2013-04-13,0
2013-04-14,0
2013-04-15,0
2013-04-16,0
2013-04-17,0
2013-04-18,0
2013-04-19,0
2013-04-20,0
2013-04-21,0
2013-04-22,0
2013-04-23,0
2013-04-24,0
2013-04-25,0
2013-04-26,0
2013-04-27,0
2013-04-28,0
2013-04-29,0
2013-04-30,0
2013-05-01,0
2013-05-02,0
2013-05-03,0
2013-05-04,0
2013-05-05,0
2013-05-06,0
2013-05-07,0
2013-05-08,0
2013-05-09,0
2013-05-10,0
2013-05-11,0
2013-05-12,0
2013-05-13,0
2013-05-14,0
2013-05-15,0
2013-05-16,0
2013-05-17,0
2013-05-18,0
2013-05-19,0
2013-05-20,0
2013-05-21,0
2013-05-22,0
2013-05-23,0
2013-05-24,0
2013-05-25,0
2013-05-26,0
2013-05-27,0
2013-05-28,0
2013-05-29,0
2013-05-30,0
2013-05-31,0
2013-06-01,0
2013-06-02,0
2013-06-03,0
2013-06-04,0
2013-06-05,0
2013-06-06,0
2013-06-07,0
2013-06-08,0
2013-06-09,0
2013-06-10,0
2013-06-11,0
2013-06-12,0
2013-06-13,0
2013-06-14,0
2013-06-15,0
2013-06-16,0
2013-06-17,0
2013-06-18,0
2013-06-19,0
2013-06-20,0
2013-06-21,0
2013-06-22,0
2013-06-23,0
2013-06-24,0
2013-06-25,0
2013-06-26,0
2013-06-27,0
2013-06-28,0
2013-06-29,0
2013-06-30,0
2013-07-01,0
2013-07-02,0
2013-07-03,0
2013-07-04,0
2013-07-05,0
2013-07-06,0
2013-07-07,0
2013-07-08,0
2013-07-09,0
2013-07-10,0
2013-07-11,0
2013-07-12,0
2013-07-13,0
2013-07-14,0
2013-07-15,0
2013-07-16,0
2013-07-17,0
2013-07-18,0.59528
2013-07-19,0.8188
2013-07-20,0.83386
2013-07-21,0.82851
2013-07-22,0.24872
2013-07-23,0
2013-07-24,0
2013-07-25,0
2013-07-26,0
2013-07-27,0
2013-07-28,0
2013-07-29,0
2013-07-30,0
2013-07-31,0
2013-08-01,0
2013-08-02,0
2013-08-03,0
2013-08-04,0
2013-08-05,0
2013-08-06,0
2013-08-07,0
2013-08-08,0
2013-08-09,0
2013-08-10,0
2013-08-11,0
2013-08-12,0
2013-08-13,0
2013-08-14,0
2013-08-15,0
2013-08-16,0
2013-08-17,0
2013-08-18,0
2013-08-19,0
2013-08-20,0
2013-08-21,0
2013-08-22,0
2013-08-23,0
2013-08-24,0
2013-08-25,0
2013-08-26,0
2013-08-27,0
2013-08-28,0
2013-08-29,0
2013-08-30,0
2013-08-31,0
2013-09-01,0
2013-09-02,0
2013-09-03,0
2013-09-04,0
2013-09-05,0
2013-09-06,0
2013-09-07,0
2013-09-08,0
2013-09-09,0
2013-09-10,0
2013-09-11,0
2013-09-12,0
2013-09-13,0
2013-09-14,0
2013-09-15,0
2013-09-16,0
2013-09-17,0
2013-09-18,0
2013-09-19,0
2013-09-20,0
2013-09-21,0
2013-09-22,0
2013-09-23,0
2013-09-24,0
2013-09-25,0
2013-09-26,0
2013-09-27,0
2013-09-28,0
2013-09-29,0
2013-09-30,0
2013-10-01,0
2013-10-02,0
2013-10-03,0
2013-10-04,0
2013-10-05,0
2013-10-06,0
2013-10-07,0
2013-10-08,0
2013-10-09,0
2013-10-10,0
2013-10-11,0
2013-10-12,0
2013-10-13,0
2013-10-14,0
2013-10-15,0
2013-10-16,0
2013-10-17,0
2013-10-18,0
2013-10-19,0
2013-10-20,0
2013-10-21,0
2013-10-22,0.11011
2013-10-23,0
2013-10-24,0
2013-10-25,0
2013-10-26,0
2013-10-27,0
2013-10-28,0
2013-10-29,0
2013-10-30,0
2013-10-31,0
2013-11-01,0
2013-11-02,0
2013-11-03,0
2013-11-04,0
2013-11-05,0
2013-11-06,0
2013-11-07,0
2013-11-08,0
2013-11-09,0
2013-11-10,0
2013-11-11,0
2013-11-12,0
2013-11-13,0
2013-11-14,0
2013-11-15,0
2013-11-16,0
2013-11-17,0
2013-11-18,0
2013-11-19,0
2013-11-20,0
2013-11-21,0
2013-11-22,0
2013-11-23,0
2013-11-24,0
2013-11-25,0
2013-11-26,0
2013-11-27,0
2013-11-28,0
2013-11-29,0
2013-11-30,0
2013-12-01,0
2013-12-02,0
2013-12-03,0
2013-12-04,0
2013-12-05,0
2013-12-06,0
2013-12-07,0
2013-12-08,0
2013-12-09,0
2013-12-10,0
2013-12-11,0
2013-12-12,0
2013-12-13,0
2013-12-14,0
2013-12-15,0
2013-12-16,0
2013-12-17,0
2013-12-18,0
2013-12-19,0
2013-12-20,0
2013-12-21,0
2013-12-22,0
2013-12-23,0
2013-12-24,0
2013-12-25,0
2013-12-26,0
2013-12-27,0
2013-12-28,0
2013-12-29,0
2013-12-30,0
2013-12-31,0
2014-01-01,0
2014-01-02,0
2014-01-03,0
2014-01-04,0
2014-01-05,0
2014-01-06,0
2014-01-07,0
2014-01-08,0
2014-01-09,0
2014-01-10,0
2014-01-11,0
2014-01-12,0
2014-01-13,0
2014-01-14,0
2014-01-15,0
2014-01-16,0
2014-01-17,0
2014-01-18,0
2014-01-19,0
2014-01-20,0
2014-01-21,0
2014-01-22,0
2014-01-23,0
2014-01-24,0
2014-01-25,0
2014-01-26,0
2014-01-27,0
2014-01-28,0
2014-01-29,0
2014-01-30,0
2014-01-31,0
2014-02-01,0
2014-02-02,0
2014-02-03,0
2014-02-04,0
2014-02-05,0
2014-02-06,0
2014-02-07,0
2014-02-08,0
2014-02-09,0
2014-02-10,0
2014-02-11,0
2014-02-12,0
2014-02-13,0
2014-02-14,0
2014-02-15,0
2014-02-16,0
2014-02-17,0
2014-02-18,0
2014-02-19,0
2014-02-20,0
2014-02-21,0
2014-02-22,0
2014-02-23,0
2014-02-24,0
2014-02-25,0
2014-02-26,0
2014-02-27,0
2014-02-28,0
2014-03-01,0
2014-03-02,0
2014-03-03,0
2014-03-04,0
2014-03-05,0
2014-03-06,0
2014-03-07,0
2014-03-08,0
2014-03-09,0
2014-03-10,0
2014-03-11,0
2014-03-12,0
2014-03-13,0
2014-03-14,0
2014-03-15,0
2014-03-16,0
2014-03-17,0
2014-03-18,0
2014-03-19,0
2014-03-20,0
2014-03-21,0
2014-03-22,0
2014-03-23,0
2014-03-24,0
2014-03-25,0
2014-03-26,0
2014-03-27,0
2014-03-28,0
2014-03-29,0
2014-03-30,0
2014-03-31,0
2014-04-01,0
2014-04-02,0
2014-04-03,0
2014-04-04,0
2014-04-05,0
2014-04-06,0
2014-04-07,0
2014-04-08,0
2014-04-09,0
2014-04-10,0
2014-04-11,0
2014-04-12,0
2014-04-13,0
2014-04-14,0
2014-04-15,0
2014-04-16,0
2014-04-17,0
2014-04-18,0
2014-04-19,0
2014-04-20,0
2014-04-21,0
2014-04-22,0
2014-04-23,0
2014-04-24,0
2014-04-25,0
2014-04-26,0
2014-04-27,0
2014-04-28,0
2014-04-29,0
2014-04-30,0
2014-05-01,0
2014-05-02,0
2014-05-03,0
2014-05-04,0
2014-05-05,0
2014-05-06,0
2014-05-07,0
2014-05-08,0
2014-05-09,0
2014-05-10,0
2014-05-11,0
2014-05-12,0
2014-05-13,0
2014-05-14,0
2014-05-15,0
2014-05-16,0
2014-05-17,0
2014-05-18,0
2014-05-19,0
2014-05-20,0
2014-05-21,0
2014-05-22,0
2014-05-23,0
2014-05-24,0
2014-05-25,0
2014-05-26,0
2014-05-27,0
2014-05-28,0
2014-05-29,0
2014-05-30,0
2014-05-31,0
2014-06-01,0
2014-06-02,0
2014-06-03,0
2014-06-04,0
2014-06-05,0
2014-06-06,0
2014-06-07,0
2014-06-08,0
2014-06-09,0
2014-06-10,0
2014-06-11,0
2014-06-12,0
2014-06-13,0
2014-06-14,0
2014-06-15,0
2014-06-16,0
2014-06-17,0
2014-06-18,0
2014-06-19,0
2014-06-20,0
2014-06-21,0
2014-06-22,0
2014-06-23,0
2014-06-24,0
2014-06-25,0
2014-06-26,0
2014-06-27,0
2014-06-28,0
2014-06-29,0
2014-06-30,0
2014-07-01,0
2014-07-02,0
2014-07-03,0
2014-07-04,0
2014-07-05,0
2014-07-06,0
2014-07-07,0
2014-07-08,0
2014-07-09,0
2014-07-10,0
2014-07-11,0
2014-07-12,0
2014-07-13,0
2014-07-14,0
2014-07-15,0
2014-07-16,0
2014-07-17,0
2014-07-18,0
2014-07-19,0
2014-07-20,0
2014-07-21,0
2014-07-22,0
2014-07-23,0
2014-07-24,0
2014-07-25,0
2014-07-26,0
2014-07-27,0
2014-07-28,0
2014-07-29,0
2014-07-30,0
2014-07-31,0
2014-08-01,0
2014-08-02,0
2014-08-03,0
2014-08-04,0
2014-08-05,0
2014-08-06,0
2014-08-07,0
2014-08-08,0
2014-08-09,0
2014-08-10,0
2014-08-11,0
2014-08-12,0
2014-08-13,0
2014-08-14,0
2014-08-15,0
2014-08-16,0
2014-08-17,0
2014-08-18,0
2014-08-19,0
2014-08-20,0
2014-08-21,0
2014-08-22,0
2014-08-23,0
2014-08-24,0
2014-08-25,0
2014-08-26,0
2014-08-27,0
2014-08-28,0
2014-08-29,0
2014-08-30,0
2014-08-31,0
2014-09-01,0
2014-09-02,0
2014-09-03,0
2014-09-04,0
2014-09-05,0
2014-09-06,0
2014-09-07,0
2014-09-08,0
2014-09-09,0
2014-09-10,0
2014-09-11,0
2014-09-12,0
2014-09-13,0
2014-09-14,0
2014-09-15,0
2014-09-16,0
2014-09-17,0
2014-09-18,0
2014-09-19,0
2014-09-20,0
2014-09-21,0
2014-09-22,0
2014-09-23,0
2014-09-24,0
2014-09-25,0
2014-09-26,0
2014-09-27,0
2014-09-28,0
2014-09-29,0
2014-09-30,0
2014-10-01,0
2014-10-02,0
2014-10-03,0
2014-10-04,0
2014-10-05,0
2014-10-06,0
2014-10-07,0
2014-10-08,0
2014-10-09,0
2014-10-10,0
2014-10-11,0
2014-10-12,0
2014-10-13,0
2014-10-14,0
2014-10-15,0
2014-10-16,0
2014-10-17,0
2014-10-18,0
2014-10-19,0
2014-10-20,0
2014-10-21,0
2014-10-22,0
2014-10-23,0
2014-10-24,0
2014-10-25,0
2014-10-26,0
2014-10-27,0
2014-10-28,0
2014-10-29,0
2014-10-30,0
2014-10-31,0
2014-11-01,0
2014-11-02,0
2014-11-03,0
2014-11-04,0
2014-11-05,0
2014-11-06,0
2014-11-07,0
2014-11-08,0
2014-11-09,0
2014-11-10,0
2014-11-11,0
2014-11-12,0
2014-11-13,0
2014-11-14,0
2014-11-15,0
2014-11-16,0
2014-11-17,0
2014-11-18,0
2014-11-19,0
2014-11-20,0
2014-11-21,0
2014-11-22,0
2014-11-23,0
2014-11-24,0
2014-11-25,0
2014-11-26,0
2014-11-27,0
2014-11-28,0
2014-11-29,0
2014-11-30,0
2014-12-01,0
2014-12-02,0
2014-12-03,0
2014-12-04,0
2014-12-05,0
2014-12-06,0
2014-12-07,0
2014-12-08,0
2014-12-09,0
2014-12-10,0
2014-12-11,0
2014-12-12,0
2014-12-13,0
2014-12-14,0
2014-12-15,0
2014-12-16,0
2014-12-17,0
2014-12-18,0
2014-12-19,0
2014-12-20,0
2014-12-21,0
2014-12-22,0
2014-12-23,0
2014-12-24,0
2014-12-25,0
2014-12-26,0
2014-12-27,0
2014-12-28,0
2014-12-29,0
2014-12-30,0
2014-12-31,0
2015-01-01,0
2015-01-02,0
2015-01-03,0
2015-01-04,0
2015-01-05,0
2015-01-06,0
2015-01-07,0
2015-01-08,0
2015-01-09,0
2015-01-10,0
2015-01-11,0
2015-01-12,0
2015-01-13,0
2015-01-14,0
2015-01-15,0
2015-01-16,0
2015-01-17,0
2015-01-18,0
2015-01-19,0
2015-01-20,0
2015-01-21,0
2015-01-22,0
2015-01-23,0
2015-01-24,0
2015-01-25,0
2015-01-26,0
2015-01-27,0
2015-01-28,0
2015-01-29,0
2015-01-30,0
2015-01-31,0
2015-02-01,0
2015-02-02,0
2015-02-03,0
2015-02-04,0
2015-02-05,0
2015-02-06,0
2015-02-07,0
2015-02-08,0
2015-02-09,0
2015-02-10,0
2015-02-11,0
2015-02-12,0
2015-02-13,0
2015-02-14,0
2015-02-15,0
2015-02-16,0
2015-02-17,0
2015-02-18,0
2015-02-19,0
2015-02-20,0
2015-02-21,0
2015-02-22,0
2015-02-23,0
2015-02-24,0
2015-02-25,0
2015-02-26,0
2015-02-27,0
2015-02-28,0
2015-03-01,0
2015-03-02,0
2015-03-03,0
2015-03-04,0
2015-03-05,0
2015-03-06,0
2015-03-07,0
2015-03-08,0
2015-03-09,0
2015-03-10,0
2015-03-11,0
2015-03-12,0
2015-03-13,0
2015-03-14,0
2015-03-15,0
2015-03-16,0
2015-03-17,0
2015-03-18,0
2015-03-19,0
2015-03-20,0
2015-03-21,0
2015-03-22,0
2015-03-23,0
2015-03-24,0
2015-03-25,0
2015-03-26,0
2015-03-27,0
2015-03-28,0
2015-03-29,0
2015-03-30,0
2015-03-31,0
2015-04-01,0
2015-04-02,0
2015-04-03,0
2015-04-04,0
2015-04-05,0
2015-04-06,0
2015-04-07,0
2015-04-08,0
2015-04-09,0
2015-04-10,0
2015-04-11,0
2015-04-12,0
2015-04-13,0
2015-04-14,0
2015-04-15,0
2015-04-16,0
2015-04-17,0
2015-04-18,0
2015-04-19,0
2015-04-20,0
2015-04-21,0
2015-04-22,0
2015-04-23,0
2015-04-24,0
2015-04-25,0
2015-04-26,0
2015-04-27,0
2015-04-28,0
2015-04-29,0
2015-04-30,0
2015-05-01,0
2015-05-02,0
2015-05-03,0
2015-05-04,0
2015-05-05,0
2015-05-06,0
2015-05-07,0
2015-05-08,0
2015-05-09,0
2015-05-10,0
2015-05-11,0
2015-05-12,0
2015-05-13,0
2015-05-14,0
2015-05-15,0
2015-05-16,0
2015-05-17,0
2015-05-18,0
2015-05-19,0
2015-05-20,0
2015-05-21,0
2015-05-22,0
2015-05-23,0
2015-05-24,0
2015-05-25,0
2015-05-26,0
2015-05-27,0
2015-05-28,0
2015-05-29,0
2015-05-30,0
2015-05-31,0
2015-06-01,0
2015-06-02,0
2015-06-03,0
2015-06-04,0
2015-06-05,0
2015-06-06,0
2015-06-07,0
2015-06-08,0
2015-06-09,0
2015-06-10,0
2015-06-11,0
2015-06-12,0
2015-06-13,0
2015-06-14,0
2015-06-15,0
2015-06-16,0
2015-06-17,0
2015-06-18,0
2015-06-19,0
2015-06-20,0
2015-06-21,0
2015-06-22,0
2015-06-23,0
2015-06-24,0
2015-06-25,0
2015-06-26,0
2015-06-27,0
2015-06-28,0
2015-06-29,0
2015-06-30,0
2015-07-01,0
2015-07-02,0
2015-07-03,0
2015-07-04,0
2015-07-05,0
2015-07-06,0
2015-07-07,0
2015-07-08,0
2015-07-09,0
2015-07-10,0
2015-07-11,0
2015-07-12,0
2015-07-13,0
2015-07-14,0
2015-07-15,0
2015-07-16,0
2015-07-17,0
2015-07-18,0
2015-07-19,0
2015-07-20,0
2015-07-21,0
2015-07-22,0
2015-07-23,0
2015-07-24,0
2015-07-25,0
2015-07-26,0
2015-07-27,0
2015-07-28,0
2015-07-29,0
2015-07-30,0
2015-07-31,0
2015-08-01,0
2015-08-02,0
2015-08-03,0
2015-08-04,0
2015-08-05,0
2015-08-06,0
2015-08-07,0
2015-08-08,0
2015-08-09,0
2015-08-10,0
2015-08-11,0
2015-08-12,0
2015-08-13,0
2015-08-14,0
2015-08-15,0
2015-08-16,0
2015-08-17,0
2015-08-18,0
2015-08-19,0
2015-08-20,0
2015-08-21,0
2015-08-22,0
2015-08-23,0
2015-08-24,0
2015-08-25,0
2015-08-26,0
2015-08-27,0
2015-08-28,0
2015-08-29,0
2015-08-30,0
2015-08-31,0
2015-09-01,0
2015-09-02,0
2015-09-03,0
2015-09-04,0
2015-09-05,0
2015-09-06,0
2015-09-07,0
2015-09-08,0
2015-09-09,0
2015-09-10,0
2015-09-11,0
2015-09-12,0
2015-09-13,0
2015-09-14,0
2015-09-15,0
2015-09-16,0
2015-09-17,0
2015-09-18,0
2015-09-19,0
2015-09-20,0
2015-09-21,0
2015-09-22,0
2015-09-23,0
2015-09-24,0
2015-09-25,0
2015-09-26,0
2015-09-27,0
2015-09-28,0
2015-09-29,0
2015-09-30,0
2015-10-01,0
2015-10-02,0
2015-10-03,0
2015-10-04,0
2015-10-05,0
2015-10-06,0
2015-10-07,0
2015-10-08,0
2015-10-09,0
2015-10-10,0
2015-10-11,0
2015-10-12,0
2015-10-13,0
2015-10-14,0
2015-10-15,0
2015-10-16,0
2015-10-17,0
2015-10-18,0
2015-10-19,0
2015-10-20,0
2015-10-21,0
2015-10-22,0
2015-10-23,0
2015-10-24,0
2015-10-25,0
2015-10-26,0
2015-10-27,0
2015-10-28,0
2015-10-29,0
2015-10-30,0
2015-10-31,0
2015-11-01,0
2015-11-02,0
2015-11-03,0
2015-11-04,0
2015-11-05,0
2015-11-06,0
2015-11-07,0
2015-11-08,0
2015-11-09,0
2015-11-10,0
2015-11-11,0
2015-11-12,0
2015-11-13,0
2015-11-14,0
2015-11-15,0
2015-11-16,0
2015-11-17,0
2015-11-18,0
2015-11-19,0
2015-11-20,0
2015-11-21,0
2015-11-22,0
2015-11-23,0
2015-11-24,0
2015-11-25,0
2015-11-26,0
2015-11-27,0
2015-11-28,0
2015-11-29,0
2015-11-30,0
2015-12-01,0
2015-12-02,0
2015-12-03,0
2015-12-04,0.78705
2015-12-05,1.56245
2015-12-06,1.67355
2015-12-07,1.61084
2015-12-08,1.61188
2015-12-09,1.59328
2015-12-10,1.50382
2015-12-11,1.46753
2015-12-12,1.38952
2015-12-13,1.20542
2015-12-14,1.28128
2015-12-15,1.14897
2015-12-16,0.86101
2015-12-17,0.58161
2015-12-18,0.46248
2015-12-19,0.21771
2015-12-20,0
2015-12-21,0
2015-12-22,0
2015-12-23,0
2015-12-24,0
2015-12-25,0
2015-12-26,0
2015-12-27,0
2015-12-28,0
2015-12-29,0
2015-12-30,0
2015-12-31,0
2016-01-01,0
2016-01-02,0
2016-01-03,0
2016-01-04,0
2016-01-05,0
2016-01-06,0
2016-01-07,0
2016-01-08,0
2016-01-09,0
2016-01-10,0
2016-01-11,0
2016-01-12,0
2016-01-13,0
2016-01-14,0
2016-01-15,0
2016-01-16,0
2016-01-17,0
2016-01-18,0
2016-01-19,0
2016-01-20,0
2016-01-21,0
2016-01-22,0
2016-01-23,0
2016-01-24,0
2016-01-25,0
2016-01-26,0
2016-01-27,0
2016-01-28,0.03976
2016-01-29,0.08558
2016-01-30,0.08302
2016-01-31,0.08291
2016-02-01,0.08087
2016-02-02,0.08113
2016-02-03,0.08236
2016-02-04,0.08953
2016-02-05,0.08683
2016-02-06,0.08389
2016-02-07,0.09438
2016-02-08,0.08559
2016-02-09,0.06708
2016-02-10,0.02017
2016-02-11,0
2016-02-12,0
2016-02-13,0
2016-02-14,0
2016-02-15,0
2016-02-16,0
2016-02-17,0
2016-02-18,0
2016-02-19,0
2016-02-20,0
2016-02-21,0
2016-02-22,0
2016-02-23,0.10184
2016-02-24,0.17899
2016-02-25,0.19035
2016-02-26,0.18727
2016-02-27,0.19261
2016-02-28,0.1853
2016-02-29,0.19526
2016-03-01,0.10159
2016-03-02,0.05026
2016-03-03,0.01837
2016-03-04,0
2016-03-05,0
2016-03-06,0
2016-03-07,0
2016-03-08,0
2016-03-09,0
2016-03-10,0
2016-03-11,0
2016-03-12,0
2016-03-13,0
2016-03-14,0
2016-03-15,0
2016-03-16,0
2016-03-17,0.08087
2016-03-18,0.18212
2016-03-19,0.17452
2016-03-20,0.18769
2016-03-21,0.21696
2016-03-22,0.21702
2016-03-23,0.23115
2016-03-24,0.14835
2016-03-25,0.09071
2016-03-26,0.09349
2016-03-27,0.09725
2016-03-28,0.03326
2016-03-29,0
2016-03-30,0
2016-03-31,0.02089
2016-04-01,0.04885
2016-04-02,0.05208
2016-04-03,0.04982
2016-04-04,0.04573
2016-04-05,0.0455
2016-04-06,0.03899
2016-04-07,0.04342
2016-04-08,0.0437
2016-04-09,0.0432
2016-04-10,0.03811
2016-04-11,0.0392
2016-04-12,0.0129
2016-04-13,0
2016-04-14,0
2016-04-15,0
2016-04-16,0.07932
2016-04-17,0.11845
2016-04-18,0.10963
2016-04-19,0.11572
2016-04-20,0.12854
2016-04-21,0.05491
2016-04-22,0
2016-04-23,0
2016-04-24,0
2016-04-25,0
2016-04-26,0
2016-04-27,0
2016-04-28,0
2016-04-29,0
2016-04-30,0
2016-05-01,0
2016-05-02,0
2016-05-03,0
2016-05-04,0
2016-05-05,0
2016-05-06,0
2016-05-07,0
2016-05-08,0
2016-05-09,0
2016-05-10,0
2016-05-11,0
2016-05-12,0
2016-05-13,0
2016-05-14,0
2016-05-15,0
2016-05-16,0
2016-05-17,0
2016-05-18,0.15753
2016-05-19,0.66339
2016-05-20,0.89325
2016-05-21,0.87503
2016-05-22,0.70424
2016-05-23,0.46511
2016-05-24,0.40655
2016-05-25,0.3598
2016-05-26,0.36161
2016-05-27,0.35717
2016-05-28,0.35767
2016-05-29,0.37427
2016-05-30,0.37546
2016-05-31,0.38091
2016-06-01,0.36646
2016-06-02,0.37019
2016-06-03,0.38016
2016-06-04,0.37371
2016-06-05,0.35115
2016-06-06,0.35783
2016-06-07,0.39936
2016-06-08,0.34463
2016-06-09,0.23002
2016-06-10,0.18915
2016-06-11,0.34281
2016-06-12,0.39636
2016-06-13,0.38524
2016-06-14,0.37442
2016-06-15,0.37447
2016-06-16,0.39915
2016-06-17,0.41685
2016-06-18,0.40357
2016-06-19,0.37603
2016-06-20,0.32235
2016-06-21,0.32367
2016-06-22,0.36284
2016-06-23,0.37164
2016-06-24,0.36446
2016-06-25,0.36551
2016-06-26,0.36567
2016-06-27,0.36406
2016-06-28,0.37209
2016-06-29,0.37609
2016-06-30,0.38583
2016-07-01,0.39231
2016-07-02,0.40482
2016-07-03,0.39784
2016-07-04,0.40302
2016-07-05,0.39833
2016-07-06,0.40167
2016-07-07,0.27111
2016-07-08,0.09788
2016-07-09,0.09526
2016-07-10,0.09478
2016-07-11,0.04136
2016-07-12,0
2016-07-13,0
2016-07-14,0
2016-07-15,0
2016-07-16,0
2016-07-17,0
2016-07-18,0
2016-07-19,0
2016-07-20,0
2016-07-21,0
2016-07-22,0
2016-07-23,0.04166
2016-07-24,0.11772
2016-07-25,0.11438
2016-07-26,0.10802
2016-07-27,0.10413
2016-07-28,0.1043
2016-07-29,0.1057
2016-07-30,0.10594
2016-07-31,0.10442
2016-08-01,0.09251
2016-08-02,0.09877
2016-08-03,0.11125
2016-08-04,0.1925
2016-08-05,0.27572
2016-08-06,0.29511
2016-08-07,0.31558
2016-08-08,0.32715
2016-08-09,0.33452
2016-08-10,0.34696
2016-08-11,0.34343
2016-08-12,0.33904
2016-08-13,0.33156
2016-08-14,0.30928
2016-08-15,0.20697
2016-08-16,0.09274
2016-08-17,0.09481
2016-08-18,0.09072
2016-08-19,0.08946
2016-08-20,0.08599
2016-08-21,0.08333
2016-08-22,0.03793
2016-08-23,0
2016-08-24,0
2016-08-25,0
2016-08-26,0
2016-08-27,0
2016-08-28,0
2016-08-29,0
2016-08-30,0.0498
2016-08-31,0.20139
2016-09-01,0.20463
2016-09-02,0.22097
2016-09-03,0.23299
2016-09-04,0.22597
2016-09-05,0.21916
2016-09-06,0.06138
2016-09-07,0
2016-09-08,0
2016-09-09,0
2016-09-10,0
2016-09-11,0
2016-09-12,0
2016-09-13,0
2016-09-14,0
2016-09-15,0
2016-09-16,0
2016-09-17,0
2016-09-18,0
2016-09-19,0
2016-09-20,0
2016-09-21,0
2016-09-22,0
2016-09-23,0
2016-09-24,0
2016-09-25,0
2016-09-26,0
2016-09-27,0.18908
2016-09-28,0.57045
2016-09-29,0.57866
2016-09-30,0.57647
2016-10-01,0.52514
2016-10-02,0.50831
2016-10-03,0.47864
2016-10-04,0.4344
2016-10-05,0.3908
2016-10-06,0.29885
2016-10-07,0.48863
2016-10-08,0.44449
2016-10-09,0.3529
2016-10-10,0.30853
2016-10-11,0.08674
2016-10-12,0
2016-10-13,0
2016-10-14,0
2016-10-15,0
2016-10-16,0
2016-10-17,0
2016-10-18,0
2016-10-19,0
2016-10-20,0
2016-10-21,0
2016-10-22,0
2016-10-23,0
2016-10-24,0
2016-10-25,0
2016-10-26,0
2016-10-27,0
2016-10-28,0
2016-10-29,0
2016-10-30,0
2016-10-31,0
2016-11-01,0
2016-11-02,0
2016-11-03,0
2016-11-04,0
2016-11-05,0
2016-11-06,0
2016-11-07,0
2016-11-08,0
2016-11-09,0
2016-11-10,0
2016-11-11,0
2016-11-12,0
2016-11-13,0
2016-11-14,0
2016-11-15,0
2016-11-16,0
2016-11-17,0
2016-11-18,0
2016-11-19,0
2016-11-20,0
2016-11-21,0
2016-11-22,0
2016-11-23,0
2016-11-24,0
2016-11-25,0
2016-11-26,0
2016-11-27,0
2016-11-28,0
2016-11-29,0
2016-11-30,0
2016-12-01,0
2016-12-02,0
2016-12-03,0
2016-12-04,0
2016-12-05,0
2016-12-06,0
2016-12-07,0
2016-12-08,0
2016-12-09,0
2016-12-10,0
2016-12-11,0
2016-12-12,0
2016-12-13,0
2016-12-14,0
2016-12-15,0
2016-12-16,0
2016-12-17,0
2016-12-18,0
2016-12-19,0
2016-12-20,0
2016-12-21,0
2016-12-22,0
2016-12-23,0
2016-12-24,0
2016-12-25,0
2016-12-26,0
2016-12-27,0
2016-12-28,0
2016-12-29,0
2016-12-30,0
2016-12-31,0
2017-01-01,0
2017-01-02,0
2017-01-03,0
2017-01-04,0
2017-01-05,0
2017-01-06,0
2017-01-07,0
2017-01-08,0
2017-01-09,0
2017-01-10,0
2017-01-11,0
2017-01-12,0
2017-01-13,0
2017-01-14,0
2017-01-15,0
2017-01-16,0
2017-01-17,0
2017-01-18,0
2017-01-19,0
2017-01-20,0
2017-01-21,0
2017-01-22,0
2017-01-23,0
2017-01-24,0
2017-01-25,0
2017-01-26,0
2017-01-27,0
2017-01-28,0
2017-01-29,0
2017-01-30,0
2017-01-31,0
2017-02-01,0
2017-02-02,0
2017-02-03,0
2017-02-04,0
2017-02-05,0
2017-02-06,0
2017-02-07,0
2017-02-08,0
2017-02-09,0
2017-02-10,0
2017-02-11,0
2017-02-12,0
2017-02-13,0
2017-02-14,0
2017-02-15,0
2017-02-16,0
2017-02-17,0
2017-02-18,0
2017-02-19,0
2017-02-20,0
2017-02-21,0
2017-02-22,0
2017-02-23,0
2017-02-24,0
2017-02-25,0
2017-02-26,0
2017-02-27,0
2017-02-28,0
2017-03-01,0
2017-03-02,0
2017-03-03,0
2017-03-04,0
2017-03-05,0
2017-03-06,0
2017-03-07,0
2017-03-08,0
2017-03-09,0
2017-03-10,0
2017-03-11,0
2017-03-12,0
2017-03-13,0
2017-03-14,0
2017-03-15,0
2017-03-16,0
2017-03-17,0
2017-03-18,0
2017-03-19,0
2017-03-20,0
2017-03-21,0
2017-03-22,0
2017-03-23,0
2017-03-24,0
2017-03-25,0
2017-03-26,0
2017-03-27,0
2017-03-28,0
2017-03-29,0
2017-03-30,0
2017-03-31,0
2017-04-01,0
2017-04-02,0
2017-04-03,0
2017-04-04,0
2017-04-05,0
2017-04-06,0
2017-04-07,0
2017-04-08,0
2017-04-09,0
2017-04-10,0
2017-04-11,0
2017-04-12,0
2017-04-13,0
2017-04-14,0
2017-04-15,0
2017-04-16,0
2017-04-17,0
2017-04-18,0
2017-04-19,0
2017-04-20,0
2017-04-21,0
2017-04-22,0
2017-04-23,0
2017-04-24,0
2017-04-25,0
2017-04-26,0
2017-04-27,0
2017-04-28,0
2017-04-29,0
2017-04-30,0
2017-05-01,0
2017-05-02,0
2017-05-03,0
2017-05-04,0
2017-05-05,0
2017-05-06,0
2017-05-07,0
2017-05-08,0
2017-05-09,0
2017-05-10,0
2017-05-11,0
2017-05-12,0
2017-05-13,0
2017-05-14,0
2017-05-15,0
2017-05-16,0
2017-05-17,0
2017-05-18,0
2017-05-19,0
2017-05-20,0
2017-05-21,0
2017-05-22,0
2017-05-23,0
2017-05-24,0
2017-05-25,0
2017-05-26,0
2017-05-27,0
2017-05-28,0
2017-05-29,0
2017-05-30,0
2017-05-31,0
2017-06-01,0
2017-06-02,0
2017-06-03,0
2017-06-04,0
2017-06-05,0
2017-06-06,0
2017-06-07,0
2017-06-08,0
2017-06-09,0
2017-06-10,0.12351
2017-06-11,0.21695
2017-06-12,0.14921
2017-06-13,0.11107
2017-06-14,0.11443
2017-06-15,0.17606
2017-06-16,0.26465
2017-06-17,0.28785
2017-06-18,0.28678
2017-06-19,0.32819
2017-06-20,0.34097
2017-06-21,0.3461
2017-06-22,0.34665
2017-06-23,0.33329
2017-06-24,0.32952
2017-06-25,0.33576
2017-06-26,0.34079
2017-06-27,0.34867
2017-06-28,0.33917
2017-06-29,0.34054
2017-06-30,0.33906
2017-07-01,0.33267
2017-07-02,0.3281
2017-07-03,0.33966
2017-07-04,0.34209
2017-07-05,0.32919
2017-07-06,0.27518
2017-07-07,0.21223
2017-07-08,0.21584
2017-07-09,0.21762
2017-07-10,0.20468
2017-07-11,0.20318
2017-07-12,0.17683
2017-07-13,0.44374
2017-07-14,0.80433
2017-07-15,0.91883
2017-07-16,0.86365
2017-07-17,0.91819
2017-07-18,0.92537
2017-07-19,0.79395
2017-07-20,0.66692
2017-07-21,0.64552
2017-07-22,0.63114
2017-07-23,0.57714
2017-07-24,0.56026
2017-07-25,0.57868
2017-07-26,0.58723
2017-07-27,0.55877
2017-07-28,0.57293
2017-07-29,0.56187
2017-07-30,0.59253
2017-07-31,0.62032
2017-08-01,0.53193
2017-08-02,0.42916
2017-08-03,0.42652
2017-08-04,0.40003
2017-08-05,0.37983
2017-08-06,0.3695
2017-08-07,0.36076
2017-08-08,0.37746
2017-08-09,0.37655
2017-08-10,0.41173
2017-08-11,0.43832
2017-08-12,0.43463
2017-08-13,0.43702
2017-08-14,0.45693
2017-08-15,0.45077
2017-08-16,0.45511
2017-08-17,0.45825
2017-08-18,0.46379
2017-08-19,0.458
2017-08-20,0.44562
2017-08-21,0.4427
2017-08-22,0.44266
2017-08-23,0.44291
2017-08-24,0.45272
2017-08-25,0.47047
2017-08-26,0.49243
2017-08-27,0.48973
2017-08-28,0.48265
2017-08-29,0.37393
2017-08-30,0.23467
2017-08-31,0.23061
2017-09-01,0.22518
2017-09-02,0.22338
2017-09-03,0.2237
2017-09-04,0.20724
2017-09-05,0.30585
2017-09-06,0.37883
2017-09-07,0.37384
2017-09-08,0.59133
2017-09-09,-1.01856
2017-09-10,0.5
2017-09-11,1.5
2017-09-12,2.51553
2017-09-13,2.36166
2017-09-14,2.04098
2017-09-15,1.78611
2017-09-16,1.5176
2017-09-17,1.42173
2017-09-18,1.33976
2017-09-19,1.18651
2017-09-20,1.07455
2017-09-21,0.87449
2017-09-22,1.08515
2017-09-23,1.08955
2017-09-24,1.09128
2017-09-25,1.15001
2017-09-26,1.22082
2017-09-27,1.17213
2017-09-28,1.0542
2017-09-29,1.15545
2017-09-30,1.34271
2017-10-01,1.14818
2017-10-02,0.68157
2017-10-03,-0.03583
2017-10-04,-0.36311
2017-10-05,0.12756
2017-10-06,0.84168
2017-10-07,0.78547
2017-10-08,0.88709
2017-10-09,0.98831
2017-10-10,0.88989
2017-10-11,0.76757
2017-10-12,0.60195
2017-10-13,0.66025
2017-10-14,0.69972
2017-10-15,0.65984
2017-10-16,0.66471
2017-10-17,0.65237
2017-10-18,0.65731
2017-10-19,0.66843
2017-10-20,0.68231
2017-10-21,0.74542
2017-10-22,0.78561
2017-10-23,0.75584
2017-10-24,0.7659
2017-10-25,0.80234
