Time,PET
1999-09-01,6.38
1999-09-02,5.09
1999-09-03,6.26
1999-09-04,6.13
1999-09-05,6.11
1999-09-06,5.19
1999-09-07,2.82
1999-09-08,2.01
1999-09-09,2.56
1999-09-10,4.94
1999-09-11,6.19
1999-09-12,5.78
1999-09-13,5.49
1999-09-14,4.57
1999-09-15,5.71
1999-09-16,6.07
1999-09-17,4.8
1999-09-18,3.17
1999-09-19,1.95
1999-09-20,2.55
1999-09-21,1.11
1999-09-22,5.46
1999-09-23,2.68
1999-09-24,1.3
1999-09-25,1.42
1999-09-26,5.02
1999-09-27,5.18
1999-09-28,5.89
1999-09-29,5.85
1999-09-30,5.55
1999-10-01,5.43
1999-10-02,2.07
1999-10-03,2.13
1999-10-04,2.96
1999-10-05,3.76
1999-10-06,1.38
1999-10-07,1.85
1999-10-08,5.35
1999-10-09,4.39
1999-10-10,4.99
1999-10-11,5
1999-10-12,4.77
1999-10-13,3.48
1999-10-14,0.9
1999-10-15,0.85
1999-10-16,3.93
1999-10-17,4.73
1999-10-18,4.64
1999-10-19,4.48
1999-10-20,4.91
1999-10-21,4.75
1999-10-22,1.55
1999-10-23,3.65
1999-10-24,3.25
1999-10-25,2.9
1999-10-26,2.71
1999-10-27,1.89
1999-10-28,3.52
1999-10-29,3.72
1999-10-30,3.45
1999-10-31,3.69
1999-11-01,3.54
1999-11-02,3.15
1999-11-03,3.01
1999-11-04,2.39
1999-11-05,1.73
1999-11-06,2.34
1999-11-07,2.38
1999-11-08,2.92
1999-11-09,2.97
1999-11-10,2.85
1999-11-11,1.88
1999-11-12,2.72
1999-11-13,3.07
1999-11-14,3.07
1999-11-15,2.97
1999-11-16,2.81
1999-11-17,1.04
1999-11-18,2.76
1999-11-19,2.87
1999-11-20,2.9
1999-11-21,2.9
1999-11-22,2.82
1999-11-23,2.73
1999-11-24,2.98
1999-11-25,3.08
1999-11-26,3.09
1999-11-27,2.8
1999-11-28,2.47
1999-11-29,2.63
1999-11-30,2.23
1999-12-01,2.02
1999-12-02,1.98
1999-12-03,1.57
1999-12-04,1.5
1999-12-05,1.68
1999-12-06,2.82
1999-12-07,2.33
1999-12-08,2.61
1999-12-09,1.73
1999-12-10,1.22
1999-12-11,2.6
1999-12-12,2.17
1999-12-13,1.63
1999-12-14,2.88
1999-12-15,2.73
1999-12-16,0.93
1999-12-17,2.12
1999-12-18,2.61
1999-12-19,2.63
1999-12-20,2.63
1999-12-21,1.24
1999-12-22,2.98
1999-12-23,2.06
1999-12-24,2.12
1999-12-25,1.71
1999-12-26,1.78
1999-12-27,1.9
1999-12-28,1.22
1999-12-29,2.17
1999-12-30,2.21
1999-12-31,2.34
2000-01-01,2.6
2000-01-02,2.65
2000-01-03,2.57
2000-01-04,2.68
2000-01-05,2.35
2000-01-06,2.78
2000-01-07,2.85
2000-01-08,2.85
2000-01-09,2.88
2000-01-10,2.9
2000-01-11,2.86
2000-01-12,2.55
2000-01-13,2.62
2000-01-14,2.06
2000-01-15,1.41
2000-01-16,1.76
2000-01-17,2.2
2000-01-18,2.41
2000-01-19,2.41
2000-01-20,2.46
2000-01-21,2.1
2000-01-22,2.29
2000-01-23,2.68
2000-01-24,1.04
2000-01-25,1.89
2000-01-26,2.1
2000-01-27,1.97
2000-01-28,2.12
2000-01-29,2.88
2000-01-30,3.18
2000-01-31,3.23
2000-02-01,2.83
2000-02-02,1.77
2000-02-03,1.08
2000-02-04,1.93
2000-02-05,2.44
2000-02-06,2.61
2000-02-07,2.82
2000-02-08,0.69
2000-02-09,2.8
2000-02-10,2.68
2000-02-11,2.94
2000-02-12,3.35
2000-02-13,3.78
2000-02-14,4.02
2000-02-15,3.67
2000-02-16,3.95
2000-02-17,3.78
2000-02-18,3.92
2000-02-19,4.34
2000-02-20,4.04
2000-02-21,3.25
2000-02-22,3.21
2000-02-23,1.75
2000-02-24,3.48
2000-02-25,3.89
2000-02-26,4.11
2000-02-27,4.28
2000-02-28,4.18
2000-02-29,4.15
2000-03-01,4.07
2000-03-02,4.32
2000-03-03,4.44
2000-03-04,4.35
2000-03-05,3.48
2000-03-06,4.51
2000-03-07,4.1
2000-03-08,4.33
2000-03-09,4.26
2000-03-10,4.77
2000-03-11,2.38
2000-03-12,4.7
2000-03-13,2.98
2000-03-14,2.74
2000-03-15,4.72
2000-03-16,5.2
2000-03-17,4.24
2000-03-18,4.52
2000-03-19,5.25
2000-03-20,5.52
2000-03-21,5.68
2000-03-22,5.25
2000-03-23,4.89
2000-03-24,5.21
2000-03-25,5.18
2000-03-26,4.37
2000-03-27,5.25
2000-03-28,5.82
2000-03-29,6.04
2000-03-30,6
2000-03-31,6.57
2000-04-01,5.81
2000-04-02,5.59
2000-04-03,5.12
2000-04-04,6.09
2000-04-05,5.14
2000-04-06,4.9
2000-04-07,5.71
2000-04-08,5.22
2000-04-09,5.09
2000-04-10,3.09
2000-04-11,4.9
2000-04-12,6.02
2000-04-13,4.81
2000-04-14,1.54
2000-04-15,3.87
2000-04-16,6.64
2000-04-17,6.42
2000-04-18,5.69
2000-04-19,5.95
2000-04-20,6.02
2000-04-21,6.05
2000-04-22,5.41
2000-04-23,5.78
2000-04-24,6.33
2000-04-25,6.56
2000-04-26,6.36
2000-04-27,5.74
2000-04-28,6.04
2000-04-29,6.41
2000-04-30,6.31
2000-05-01,6.02
2000-05-02,3.64
2000-05-03,6.11
2000-05-04,5.8
2000-05-05,6.14
2000-05-06,6.04
2000-05-07,5.02
2000-05-08,3.98
2000-05-09,6.58
2000-05-10,6.77
2000-05-11,6.9
2000-05-12,7.05
2000-05-13,6.95
2000-05-14,6.8
2000-05-15,6.63
2000-05-16,6.58
2000-05-17,6.66
2000-05-18,6.46
2000-05-19,6.52
2000-05-20,6.49
2000-05-21,6.63
2000-05-22,5.75
2000-05-23,6.9
2000-05-24,6.4
2000-05-25,7.35
2000-05-26,7.45
2000-05-27,7.4
2000-05-28,7.3
2000-05-29,5
2000-05-30,5.8
2000-05-31,5.26
2000-06-01,7.15
2000-06-02,5.35
2000-06-03,6.72
2000-06-04,2.94
2000-06-05,5
2000-06-06,6.4
2000-06-07,6.21
2000-06-08,2.75
2000-06-09,3.26
2000-06-10,3.6
2000-06-11,4.93
2000-06-12,7.06
2000-06-13,6.04
2000-06-14,7.08
2000-06-15,6.83
2000-06-16,6.71
2000-06-17,7.14
2000-06-18,6.44
2000-06-19,5.36
2000-06-20,6.61
2000-06-21,7.26
2000-06-22,7.34
2000-06-23,7.31
2000-06-24,7.22
2000-06-25,6.71
2000-06-26,6.79
2000-06-27,4.15
2000-06-28,6.85
2000-06-29,7.33
2000-06-30,7.28
2000-07-01,5.64
2000-07-02,2.83
2000-07-03,3.26
2000-07-04,5.42
2000-07-05,6.91
2000-07-06,6.77
2000-07-07,7.25
2000-07-08,5.83
2000-07-09,6.01
2000-07-10,7.19
2000-07-11,7.19
2000-07-12,7
2000-07-13,7.28
2000-07-14,6.75
2000-07-15,6.49
2000-07-16,7.02
2000-07-17,6.61
2000-07-18,5.08
2000-07-19,7.24
2000-07-20,7.31
2000-07-21,7.27
2000-07-22,5.83
2000-07-23,7.17
2000-07-24,7.05
2000-07-25,5.44
2000-07-26,5.69
2000-07-27,6.17
2000-07-28,4.89
2000-07-29,3.31
2000-07-30,5.3
2000-07-31,6.72
2000-08-01,7.07
2000-08-02,6.51
2000-08-03,6.18
2000-08-04,6.94
2000-08-05,6.54
2000-08-06,2.84
2000-08-07,6.7
2000-08-08,5.29
2000-08-09,6.79
2000-08-10,6.75
2000-08-11,5.33
2000-08-12,5.33
2000-08-13,5.88
2000-08-14,5.54
2000-08-15,5.62
2000-08-16,6.12
2000-08-17,6.39
2000-08-18,2.84
2000-08-19,5.12
2000-08-20,5.83
2000-08-21,6.45
2000-08-22,6.48
2000-08-23,6.57
2000-08-24,6.63
2000-08-25,6.46
2000-08-26,4.07
2000-08-27,1.56
2000-08-28,4.72
2000-08-29,5.54
2000-08-30,5.03
2000-08-31,6.53
2000-09-01,6.29
2000-09-02,6.38
2000-09-03,6.32
2000-09-04,6.29
2000-09-05,6.19
2000-09-06,5.25
2000-09-07,5.59
2000-09-08,3.56
2000-09-09,4.39
2000-09-10,3.06
2000-09-11,6
2000-09-12,6.01
2000-09-13,5.69
2000-09-14,4.22
2000-09-15,3.28
2000-09-16,2.26
2000-09-17,4.32
2000-09-18,5.49
2000-09-19,3.74
2000-09-20,3.59
2000-09-21,5.73
2000-09-22,5.37
2000-09-23,5.63
2000-09-24,5.64
2000-09-25,5.84
2000-09-26,5.84
2000-09-27,5.29
2000-09-28,3.75
2000-09-29,3.7
2000-09-30,5.49
2000-10-01,4.63
2000-10-02,1.02
2000-10-03,0.98
2000-10-04,3.84
2000-10-05,4.88
2000-10-06,5.2
2000-10-07,4.81
2000-10-08,4.55
2000-10-09,3.67
2000-10-10,2.85
2000-10-11,2.72
2000-10-12,4.4
2000-10-13,3.92
2000-10-14,3.96
2000-10-15,3.61
2000-10-16,3.46
2000-10-17,3.66
2000-10-18,3.76
2000-10-19,4.08
2000-10-20,4.36
2000-10-21,3.4
2000-10-22,3.74
2000-10-23,3.6
2000-10-24,3.24
2000-10-25,3.64
2000-10-26,3.73
2000-10-27,3.62
2000-10-28,3.67
2000-10-29,3.62
2000-10-30,2.98
2000-10-31,2.96
2000-11-01,3.23
2000-11-02,3.13
2000-11-03,3.17
2000-11-04,2.53
2000-11-05,3.27
2000-11-06,3.3
2000-11-07,3.46
2000-11-08,3.39
2000-11-09,3.35
2000-11-10,3.4
2000-11-11,2.95
2000-11-12,2.81
2000-11-13,2.77
2000-11-14,3.05
2000-11-15,2.82
2000-11-16,2.89
2000-11-17,3.09
2000-11-18,3.17
2000-11-19,2.64
2000-11-20,2.72
2000-11-21,0.8
2000-11-22,1.79
2000-11-23,1.84
2000-11-24,1.9
2000-11-25,1.89
2000-11-26,3.04
2000-11-27,1.02
2000-11-28,2.13
2000-11-29,0.98
2000-11-30,2.53
2000-12-01,1.78
2000-12-02,1.89
2000-12-03,2.19
2000-12-04,1.79
2000-12-05,1.99
2000-12-06,2.18
2000-12-07,1.09
2000-12-08,1.56
2000-12-09,1.4
2000-12-10,0.93
2000-12-11,2.64
2000-12-12,2.9
2000-12-13,2.38
2000-12-14,2.88
2000-12-15,2.85
2000-12-16,2.77
2000-12-17,2
2000-12-18,2.08
2000-12-19,1.88
2000-12-20,1.48
2000-12-21,0.87
2000-12-22,0.61
2000-12-23,0.65
2000-12-24,0.8
2000-12-25,1.98
2000-12-26,1.68
2000-12-27,1.72
2000-12-28,2.34
2000-12-29,1.05
2000-12-30,1.56
2000-12-31,1.5
2001-01-01,1.52
2001-01-02,1.69
2001-01-03,1.59
2001-01-04,1.65
2001-01-05,1.6
2001-01-06,1.92
2001-01-07,2.02
2001-01-08,2.23
2001-01-09,1.59
2001-01-10,1.7
2001-01-11,1.78
2001-01-12,2.29
2001-01-13,2.23
2001-01-14,2.1
2001-01-15,2.73
2001-01-16,2.81
2001-01-17,2.81
2001-01-18,2.97
2001-01-19,3.32
2001-01-20,1.9
2001-01-21,1.98
2001-01-22,0.67
2001-01-23,1.93
2001-01-24,1.87
2001-01-25,2.14
2001-01-26,2.09
2001-01-27,2.21
2001-01-28,2.61
2001-01-29,2.79
2001-01-30,3.29
2001-01-31,3.34
2001-02-01,3.36
2001-02-02,3.31
2001-02-03,3.01
2001-02-04,3.49
2001-02-05,1.57
2001-02-06,2.83
2001-02-07,3.16
2001-02-08,3.14
2001-02-09,2.93
2001-02-10,3.5
2001-02-11,3.95
2001-02-12,3.68
2001-02-13,3.52
2001-02-14,3.72
2001-02-15,3.87
2001-02-16,3.24
2001-02-17,3.91
2001-02-18,2.37
2001-02-19,2.2
2001-02-20,3.46
2001-02-21,3.82
2001-02-22,3.83
2001-02-23,3.99
2001-02-24,3.62
2001-02-25,4.14
2001-02-26,4.41
2001-02-27,4.56
2001-02-28,4.49
2001-03-01,4.47
2001-03-02,4.4
2001-03-03,4.89
2001-03-04,4.46
2001-03-05,3.43
2001-03-06,3.47
2001-03-07,3.47
2001-03-08,3.57
2001-03-09,3.82
2001-03-10,3.85
2001-03-11,4.69
2001-03-12,4.43
2001-03-13,5.09
2001-03-14,5.15
2001-03-15,4.98
2001-03-16,5.39
2001-03-17,5.02
2001-03-18,5.06
2001-03-19,4.19
2001-03-20,4.42
2001-03-21,3.24
2001-03-22,4.07
2001-03-23,4.54
2001-03-24,4.88
2001-03-25,4.96
2001-03-26,5.12
2001-03-27,3.95
2001-03-28,4.71
2001-03-29,5.16
2001-03-30,4.72
2001-03-31,6
2001-04-01,5.35
2001-04-02,5.16
2001-04-03,5.54
2001-04-04,5.5
2001-04-05,5.71
2001-04-06,4.07
2001-04-07,4.93
2001-04-08,5.82
2001-04-09,5.65
2001-04-10,5.81
2001-04-11,5.85
2001-04-12,6.04
2001-04-13,6.33
2001-04-14,6.46
2001-04-15,6.45
2001-04-16,6.04
2001-04-17,5.71
2001-04-18,4.8
2001-04-19,4.58
2001-04-20,4.95
2001-04-21,5.6
2001-04-22,5.49
2001-04-23,3.86
2001-04-24,6.27
2001-04-25,6.41
2001-04-26,5.62
2001-04-27,4.55
2001-04-28,3.8
2001-04-29,1.31
2001-04-30,2.93
2001-05-01,5.18
2001-05-02,4.5
2001-05-03,5.52
2001-05-04,5.34
2001-05-05,6.1
2001-05-06,6.02
2001-05-07,5.8
2001-05-08,5.22
2001-05-09,4.88
2001-05-10,4.76
2001-05-11,5.24
2001-05-12,5.77
2001-05-13,6.14
2001-05-14,5.99
2001-05-15,5.88
2001-05-16,5.85
2001-05-17,6.4
2001-05-18,6.34
2001-05-19,6.43
2001-05-20,6.5
2001-05-21,6.33
2001-05-22,3.79
2001-05-23,3.34
2001-05-24,6.69
2001-05-25,1.83
2001-05-26,2.54
2001-05-27,1.98
2001-05-28,2.57
2001-05-29,4.56
2001-05-30,5.14
2001-05-31,4.16
2001-06-01,6.77
2001-06-02,6.02
2001-06-03,5.09
2001-06-04,5.09
2001-06-05,6.1
2001-06-06,6.49
2001-06-07,7.46
2001-06-08,7.03
2001-06-09,7.13
2001-06-10,7.39
2001-06-11,7.35
2001-06-12,7.21
2001-06-13,7.15
2001-06-14,6.37
2001-06-15,6.88
2001-06-16,5.12
2001-06-17,5.02
2001-06-18,6
2001-06-19,6.99
2001-06-20,4.93
2001-06-21,5.99
2001-06-22,6.55
2001-06-23,6.16
2001-06-24,6.71
2001-06-25,6.72
2001-06-26,3.78
2001-06-27,6.55
2001-06-28,1.77
2001-06-29,6.26
2001-06-30,7.06
2001-07-01,7.11
2001-07-02,6.9
2001-07-03,7.01
2001-07-04,3.33
2001-07-05,6.8
2001-07-06,7.17
2001-07-07,3.96
2001-07-08,4.78
2001-07-09,2.84
2001-07-10,4.88
2001-07-11,5.5
2001-07-12,6.84
2001-07-13,6.89
2001-07-14,5.84
2001-07-15,3.27
2001-07-16,6.57
2001-07-17,4.89
2001-07-18,6.34
2001-07-19,6.93
2001-07-20,4.85
2001-07-21,5.42
2001-07-22,2.82
2001-07-23,1.95
2001-07-24,6.57
2001-07-25,6.55
2001-07-26,5.94
2001-07-27,6.45
2001-07-28,6.74
2001-07-29,7.03
2001-07-30,6.88
2001-07-31,6.51
2001-08-01,0.97
2001-08-02,1.79
2001-08-03,1.23
2001-08-04,3.82
2001-08-05,5.39
2001-08-06,6.81
2001-08-07,6.67
2001-08-08,6.68
2001-08-09,6.31
2001-08-10,6.49
2001-08-11,6.45
2001-08-12,6.63
2001-08-13,6.31
2001-08-14,6.51
2001-08-15,5.8
2001-08-16,6.45
2001-08-17,6.82
2001-08-18,6.7
2001-08-19,6.56
2001-08-20,6.47
2001-08-21,3.23
2001-08-22,3.52
2001-08-23,6.5
2001-08-24,6.13
2001-08-25,5.99
2001-08-26,4.49
2001-08-27,5.72
2001-08-28,6.49
2001-08-29,6.29
2001-08-30,6.41
2001-08-31,6.2
2001-09-01,6.23
2001-09-02,5.88
2001-09-03,6.19
2001-09-04,6.1
2001-09-05,6.32
2001-09-06,4.54
2001-09-07,3.4
2001-09-08,4.39
2001-09-09,1.44
2001-09-10,3.21
2001-09-11,5.87
2001-09-12,1.86
2001-09-13,2.75
2001-09-14,2.56
2001-09-15,4.86
2001-09-16,5.13
2001-09-17,5.58
2001-09-18,4.51
2001-09-19,3.71
2001-09-20,5.63
2001-09-21,5.62
2001-09-22,5.58
2001-09-23,5.54
2001-09-24,5.4
2001-09-25,5.58
2001-09-26,3.68
2001-09-27,1.68
2001-09-28,1.78
2001-09-29,1.09
2001-09-30,4.64
2001-10-01,3.3
2001-10-02,4.56
2001-10-03,4.36
2001-10-04,4.2
2001-10-05,5.16
2001-10-06,5.28
2001-10-07,5.04
2001-10-08,4.24
2001-10-09,3.03
2001-10-10,3.87
2001-10-11,4.12
2001-10-12,4.1
2001-10-13,2.77
2001-10-14,2.02
2001-10-15,4.75
2001-10-16,4.53
2001-10-17,4.42
2001-10-18,2.69
2001-10-19,2.41
2001-10-20,1.69
2001-10-21,2.06
2001-10-22,3.56
2001-10-23,3.33
2001-10-24,4.49
2001-10-25,3.52
2001-10-26,3.34
2001-10-27,2.16
2001-10-28,2.39
2001-10-29,1.5
2001-10-30,2.65
2001-10-31,2.43
2001-11-01,2.39
2001-11-02,3.12
2001-11-03,3.32
2001-11-04,0.66
2001-11-05,1.04
2001-11-06,3.05
2001-11-07,2.63
2001-11-08,2.93
2001-11-09,2.97
2001-11-10,2.22
2001-11-11,2.85
2001-11-12,3.09
2001-11-13,2.98
2001-11-14,3.09
2001-11-15,2.25
2001-11-16,2.8
2001-11-17,2.94
2001-11-18,2.92
2001-11-19,2.92
2001-11-20,2.85
2001-11-21,2.73
2001-11-22,2.79
2001-11-23,2.83
2001-11-24,2.7
2001-11-25,2.88
2001-11-26,2.65
2001-11-27,2.48
2001-11-28,2.46
2001-11-29,2.53
2001-11-30,2.24
2001-12-01,2.56
2001-12-02,2.63
2001-12-03,2.65
2001-12-04,2.26
2001-12-05,2.34
2001-12-06,2.2
2001-12-07,2.43
2001-12-08,2.84
2001-12-09,2.77
2001-12-10,2.83
2001-12-11,2.52
2001-12-12,2.69
2001-12-13,2.27
2001-12-14,2.7
2001-12-15,2.63
2001-12-16,2.52
2001-12-17,2.55
2001-12-18,2.5
2001-12-19,2.22
2001-12-20,2.06
2001-12-21,1.84
2001-12-22,1.7
2001-12-23,1.55
2001-12-24,1.84
2001-12-25,2.37
2001-12-26,1.15
2001-12-27,1.12
2001-12-28,1.73
2001-12-29,2.36
2001-12-30,0.79
2001-12-31,0.51
2002-01-01,2.23
2002-01-02,0.89
2002-01-03,1.54
2002-01-04,1.6
2002-01-05,1.08
2002-01-06,1.73
2002-01-07,2.14
2002-01-08,1.63
2002-01-09,1.69
2002-01-10,1.83
2002-01-11,2.28
2002-01-12,2.4
2002-01-13,2.21
2002-01-14,2.4
2002-01-15,1.87
2002-01-16,2.68
2002-01-17,2.89
2002-01-18,2.73
2002-01-19,2.92
2002-01-20,3.07
2002-01-21,3.12
2002-01-22,3.23
2002-01-23,3.08
2002-01-24,3.17
2002-01-25,3.31
2002-01-26,3.29
2002-01-27,3.19
2002-01-28,3.47
2002-01-29,3.56
2002-01-30,3.28
2002-01-31,3.41
2002-02-01,2.9
2002-02-02,3.79
2002-02-03,3.77
2002-02-04,3.16
2002-02-05,2.74
2002-02-06,2.81
2002-02-07,3.37
2002-02-08,1.73
2002-02-09,1.59
2002-02-10,3.38
2002-02-11,2.62
2002-02-12,3.57
2002-02-13,2.18
2002-02-14,1.52
2002-02-15,2.85
2002-02-16,2.04
2002-02-17,3.37
2002-02-18,3.21
2002-02-19,2.49
2002-02-20,3.29
2002-02-21,3.77
2002-02-22,3.64
2002-02-23,1.33
2002-02-24,3.44
2002-02-25,3.41
2002-02-26,3.86
2002-02-27,3.23
2002-02-28,0.82
2002-03-01,3.29
2002-03-02,4.39
2002-03-03,4.85
2002-03-04,2.62
2002-03-05,1.02
2002-03-06,1.69
2002-03-07,0.92
2002-03-08,4.78
2002-03-09,4.91
2002-03-10,3.76
2002-03-11,3.97
2002-03-12,4.86
2002-03-13,5.16
2002-03-14,5.27
2002-03-15,5.15
2002-03-16,5.34
2002-03-17,5.18
2002-03-18,5.38
2002-03-19,5.29
2002-03-20,5.02
2002-03-21,5.42
2002-03-22,2.39
2002-03-23,4.89
2002-03-24,4.05
2002-03-25,5.6
2002-03-26,5.71
2002-03-27,5.54
2002-03-28,5.76
2002-03-29,5.74
2002-03-30,5.67
2002-03-31,5.42
2002-04-01,5.41
2002-04-02,5.96
2002-04-03,6.05
2002-04-04,5.86
2002-04-05,5.39
2002-04-06,4.8
2002-04-07,4.69
2002-04-08,4.82
2002-04-09,5.42
2002-04-10,5.2
2002-04-11,5.58
2002-04-12,5.1
2002-04-13,4.98
2002-04-14,6.05
2002-04-15,6.14
2002-04-16,6.31
2002-04-17,5.99
2002-04-18,6.26
2002-04-19,6.27
2002-04-20,6.28
2002-04-21,6.12
2002-04-22,6.3
2002-04-23,6.21
2002-04-24,5.99
2002-04-25,5.94
2002-04-26,6.36
2002-04-27,6.39
2002-04-28,6.22
2002-04-29,6.24
2002-04-30,6.46
2002-05-01,6.56
2002-05-02,6.69
2002-05-03,6.68
2002-05-04,6.82
2002-05-05,6.76
2002-05-06,6.7
2002-05-07,6.81
2002-05-08,6.63
2002-05-09,6.4
2002-05-10,6.58
2002-05-11,6.67
2002-05-12,6.59
2002-05-13,6.53
2002-05-14,6.76
2002-05-15,6.64
2002-05-16,6.22
2002-05-17,6.65
2002-05-18,6.58
2002-05-19,1.56
2002-05-20,3.23
2002-05-21,3.36
2002-05-22,3.76
2002-05-23,6.62
2002-05-24,6.18
2002-05-25,6.07
2002-05-26,6.29
2002-05-27,6.93
2002-05-28,5.87
2002-05-29,6.86
2002-05-30,6.95
2002-05-31,5.99
2002-06-01,6.98
2002-06-02,5.86
2002-06-03,6.39
2002-06-04,5.08
2002-06-05,4.12
2002-06-06,5.15
2002-06-07,5.96
2002-06-08,3.49
2002-06-09,5.12
2002-06-10,5.71
2002-06-11,1.67
2002-06-12,3.74
2002-06-13,1.91
2002-06-14,1.73
2002-06-15,1.05
2002-06-16,5.75
2002-06-17,6.06
2002-06-18,3.88
2002-06-19,6.82
2002-06-20,5.06
2002-06-21,2.1
2002-06-22,2.19
2002-06-23,6.04
2002-06-24,6.52
2002-06-25,3.15
2002-06-26,4.34
2002-06-27,4.38
2002-06-28,4.93
2002-06-29,6.98
2002-06-30,2.9
2002-07-01,4.53
2002-07-02,6.53
2002-07-03,5.08
2002-07-04,6.25
2002-07-05,6.02
2002-07-06,4.31
2002-07-07,5.37
2002-07-08,2.07
2002-07-09,2.57
2002-07-10,1.85
2002-07-11,4.21
2002-07-12,7.08
2002-07-13,6.97
2002-07-14,7.14
2002-07-15,6.76
2002-07-16,7
2002-07-17,6.57
2002-07-18,6.7
2002-07-19,6.18
2002-07-20,4.94
2002-07-21,6.36
2002-07-22,6.34
2002-07-23,5.84
2002-07-24,3.22
2002-07-25,5.93
2002-07-26,6.54
2002-07-27,6.63
2002-07-28,6.73
2002-07-29,5.74
2002-07-30,4.37
2002-07-31,5.05
2002-08-01,6.47
2002-08-02,7.08
2002-08-03,6.97
2002-08-04,6.99
2002-08-05,6.25
2002-08-06,5.24
2002-08-07,3.36
2002-08-08,6.27
2002-08-09,5.88
2002-08-10,2.8
2002-08-11,5.21
2002-08-12,6.63
2002-08-13,6.47
2002-08-14,6.67
2002-08-15,6.42
2002-08-16,4.26
2002-08-17,6.56
2002-08-18,6.59
2002-08-19,6.63
2002-08-20,5.37
2002-08-21,5.79
2002-08-22,6.47
2002-08-23,6.11
2002-08-24,4.68
2002-08-25,6.25
2002-08-26,6.28
2002-08-27,5.79
2002-08-28,3.47
2002-08-29,6.04
2002-08-30,4.12
2002-08-31,6.13
2002-09-01,6.22
2002-09-02,6.1
2002-09-03,3.49
2002-09-04,4.22
2002-09-05,3.85
2002-09-06,5.23
2002-09-07,5.25
2002-09-08,4.68
2002-09-09,5.38
2002-09-10,3.67
2002-09-11,2.53
2002-09-12,1.31
2002-09-13,4.06
2002-09-14,5.75
2002-09-15,5.84
2002-09-16,5.68
2002-09-17,5.94
2002-09-18,4.93
2002-09-19,5.72
2002-09-20,5.44
2002-09-21,5.63
2002-09-22,3.13
2002-09-23,4.01
2002-09-24,4.71
2002-09-25,4.8
2002-09-26,5.57
2002-09-27,5.45
2002-09-28,5.56
2002-09-29,4.97
2002-09-30,4.73
2002-10-01,4.8
2002-10-02,5.26
2002-10-03,5.16
2002-10-04,5.26
2002-10-05,5.3
2002-10-06,4.64
2002-10-07,4.98
2002-10-08,4.86
2002-10-09,5.02
2002-10-10,4.54
2002-10-11,5.08
2002-10-12,5.13
2002-10-13,4.68
2002-10-14,4.55
2002-10-15,3.93
2002-10-16,2.88
2002-10-17,3.9
2002-10-18,3.87
2002-10-19,4.22
2002-10-20,3.82
2002-10-21,1.69
2002-10-22,4.32
2002-10-23,4.35
2002-10-24,4.29
2002-10-25,4.42
2002-10-26,4.38
2002-10-27,4.18
2002-10-28,4.21
2002-10-29,4.14
2002-10-30,4.17
2002-10-31,3.96
2002-11-01,4.14
2002-11-02,3.47
2002-11-03,3.54
2002-11-04,3.78
2002-11-05,3.94
2002-11-06,4.04
2002-11-07,3.09
2002-11-08,3.05
2002-11-09,2.53
2002-11-10,2.95
2002-11-11,3.7
2002-11-12,3.65
2002-11-13,2.15
2002-11-14,2.66
2002-11-15,2.62
2002-11-16,1.12
2002-11-17,1.08
2002-11-18,2.15
2002-11-19,2.33
2002-11-20,2.83
2002-11-21,1.87
2002-11-22,2.61
2002-11-23,2.34
2002-11-24,2.39
2002-11-25,1.11
2002-11-26,2.33
2002-11-27,2.56
2002-11-28,2.35
2002-11-29,2.03
2002-11-30,2.12
2002-12-01,2.36
2002-12-02,1.77
2002-12-03,2.6
2002-12-04,2.4
2002-12-05,3.1
2002-12-06,2.55
2002-12-07,1.91
2002-12-08,1.56
2002-12-09,1.34
2002-12-10,2.41
2002-12-11,2.43
2002-12-12,2.4
2002-12-13,2.3
2002-12-14,2.3
2002-12-15,1.9
2002-12-16,1.79
2002-12-17,1.83
2002-12-18,1.43
2002-12-19,2.47
2002-12-20,1.78
2002-12-21,2.05
2002-12-22,1.88
2002-12-23,1.87
2002-12-24,2.62
2002-12-25,2.29
2002-12-26,1.98
2002-12-27,1.93
2002-12-28,1.8
2002-12-29,1.85
2002-12-30,1.81
2002-12-31,2.23
2003-01-01,2.7
2003-01-02,2.55
2003-01-03,1.05
2003-01-04,2
2003-01-05,1.88
2003-01-06,2.01
2003-01-07,2.08
2003-01-08,2.01
2003-01-09,2.18
2003-01-10,2.39
2003-01-11,2.65
2003-01-12,2.45
2003-01-13,1.23
2003-01-14,1.83
2003-01-15,2.02
2003-01-16,2.39
2003-01-17,2.38
2003-01-18,0.54
2003-01-19,1.71
2003-01-20,1.86
2003-01-21,2.21
2003-01-22,2.39
2003-01-23,1.81
2003-01-24,1.7
2003-01-25,1.74
2003-01-26,2.35
2003-01-27,2.12
2003-01-28,1.63
2003-01-29,2.45
2003-01-30,2.31
2003-01-31,2.81
2003-02-01,2.78
2003-02-02,2.71
2003-02-03,2.76
2003-02-04,3
2003-02-05,2.96
2003-02-06,3.19
2003-02-07,3.7
2003-02-08,2.92
2003-02-09,3.59
2003-02-10,3.7
2003-02-11,3.34
2003-02-12,3.11
2003-02-13,2.9
2003-02-14,2.94
2003-02-15,3.75
2003-02-16,3.9
2003-02-17,1.68
2003-02-18,3.03
2003-02-19,3.48
2003-02-20,4.19
2003-02-21,4.47
2003-02-22,4.52
2003-02-23,1.63
2003-02-24,2.81
2003-02-25,3.81
2003-02-26,4.31
2003-02-27,3.95
2003-02-28,4.7
2003-03-01,4.46
2003-03-02,4.32
2003-03-03,3.63
2003-03-04,4.81
2003-03-05,4.86
2003-03-06,4.94
2003-03-07,4.91
2003-03-08,4.91
2003-03-09,4.86
2003-03-10,4.87
2003-03-11,4.63
2003-03-12,4.88
2003-03-13,4.51
2003-03-14,4.27
2003-03-15,4.37
2003-03-16,5.13
2003-03-17,4.29
2003-03-18,4.67
2003-03-19,5.45
2003-03-20,5.65
2003-03-21,5.58
2003-03-22,5.51
2003-03-23,3.38
2003-03-24,4.33
2003-03-25,4.04
2003-03-26,3.03
2003-03-27,2.9
2003-03-28,5.36
2003-03-29,5.26
2003-03-30,3.92
2003-03-31,3.92
2003-04-01,3.48
2003-04-02,3.68
2003-04-03,4.43
2003-04-04,5.03
2003-04-05,4.9
2003-04-06,5.61
2003-04-07,5.88
2003-04-08,5.69
2003-04-09,3.93
2003-04-10,4.63
2003-04-11,4.33
2003-04-12,4.7
2003-04-13,5.11
2003-04-14,5.21
2003-04-15,5.5
2003-04-16,5.42
2003-04-17,5.65
2003-04-18,5.33
2003-04-19,5.94
2003-04-20,5.77
2003-04-21,5.51
2003-04-22,5.51
2003-04-23,5.91
2003-04-24,5.77
2003-04-25,5.82
2003-04-26,1.44
2003-04-27,5.05
2003-04-28,5.94
2003-04-29,6.18
2003-04-30,1.18
2003-05-01,4.37
2003-05-02,5.77
2003-05-03,5.54
2003-05-04,6.36
2003-05-05,6.4
2003-05-06,6.04
2003-05-07,6.39
2003-05-08,6.75
2003-05-09,6.64
2003-05-10,6.36
2003-05-11,6.45
2003-05-12,6.5
2003-05-13,5.74
2003-05-14,5.73
2003-05-15,6.11
2003-05-16,5.62
2003-05-17,6.68
2003-05-18,6.58
2003-05-19,6.49
2003-05-20,5.51
2003-05-21,6.23
2003-05-22,3.81
2003-05-23,6.28
2003-05-24,6.58
2003-05-25,6.49
2003-05-26,6.5
2003-05-27,6.3
2003-05-28,5.01
2003-05-29,2.85
2003-05-30,6.21
2003-05-31,6.68
2003-06-01,6.61
2003-06-02,4.14
2003-06-03,5.54
2003-06-04,6.41
2003-06-05,4.91
2003-06-06,5.9
2003-06-07,5.56
2003-06-08,5.42
2003-06-09,3.99
2003-06-10,4.26
2003-06-11,5.55
2003-06-12,6.38
2003-06-13,6.8
2003-06-14,6.19
2003-06-15,4.01
2003-06-16,6.4
2003-06-17,4.52
2003-06-18,6.42
2003-06-19,5.32
2003-06-20,6.33
2003-06-21,3.87
2003-06-22,4.43
2003-06-23,2.71
2003-06-24,3.94
2003-06-25,4.3
2003-06-26,4.86
2003-06-27,1.93
2003-06-28,4.11
2003-06-29,6.16
2003-06-30,6.57
2003-07-01,6.63
2003-07-02,6.36
2003-07-03,6.6
2003-07-04,5.34
2003-07-05,5.42
2003-07-06,6.2
2003-07-07,5.13
2003-07-08,6.68
2003-07-09,6.61
2003-07-10,6.24
2003-07-11,6.35
2003-07-12,5.84
2003-07-13,6.35
2003-07-14,6.45
2003-07-15,6.35
2003-07-16,6.35
2003-07-17,5.12
2003-07-18,6.09
2003-07-19,6.29
2003-07-20,5.28
2003-07-21,6.62
2003-07-22,6.55
2003-07-23,5.62
2003-07-24,3.86
2003-07-25,6.02
2003-07-26,6.58
2003-07-27,6.57
2003-07-28,5.37
2003-07-29,5.1
2003-07-30,6.03
2003-07-31,5.94
2003-08-01,4.43
2003-08-02,4.13
2003-08-03,5.86
2003-08-04,5.78
2003-08-05,3.81
2003-08-06,6.03
2003-08-07,6.43
2003-08-08,5.98
2003-08-09,6.08
2003-08-10,5.18
2003-08-11,4.72
2003-08-12,5.9
2003-08-13,5.95
2003-08-14,2.45
2003-08-15,6.19
2003-08-16,3.74
2003-08-17,6.06
2003-08-18,6.19
2003-08-19,4.47
2003-08-20,1.17
2003-08-21,2.78
2003-08-22,5.28
2003-08-23,6
2003-08-24,6.22
2003-08-25,6.1
2003-08-26,5.41
2003-08-27,5.14
2003-08-28,1.77
2003-08-29,5.82
2003-08-30,5.11
2003-08-31,5.23
2003-09-01,4.5
2003-09-02,5.62
2003-09-03,3.64
2003-09-04,5.08
2003-09-05,4.22
2003-09-06,3.2
2003-09-07,4.59
2003-09-08,5.63
2003-09-09,5.49
2003-09-10,5.68
2003-09-11,4.12
2003-09-12,4.98
2003-09-13,5.14
2003-09-14,5.49
2003-09-15,5.03
2003-09-16,4.85
2003-09-17,5.31
2003-09-18,5.43
2003-09-19,5.33
2003-09-20,3.96
2003-09-21,4.88
2003-09-22,5.22
2003-09-23,4.37
2003-09-24,3.61
2003-09-25,2.57
2003-09-26,1.92
2003-09-27,5.21
2003-09-28,4.56
2003-09-29,0.91
2003-09-30,3.56
2003-10-01,4.58
2003-10-02,5.11
2003-10-03,4.27
2003-10-04,3.02
2003-10-05,3.1
2003-10-06,4.29
2003-10-07,4.59
2003-10-08,4.65
2003-10-09,4.69
2003-10-10,4.55
2003-10-11,4.86
2003-10-12,4.72
2003-10-13,4.79
2003-10-14,4.56
2003-10-15,2.84
2003-10-16,3.89
2003-10-17,0.8
2003-10-18,3.97
2003-10-19,4.1
2003-10-20,4.29
2003-10-21,3.82
2003-10-22,4.01
2003-10-23,3.92
2003-10-24,3.58
2003-10-25,2.81
2003-10-26,3.84
2003-10-27,3.78
2003-10-28,3
2003-10-29,3.66
2003-10-30,3.03
2003-10-31,2.97
2003-11-01,3.29
2003-11-02,3.32
2003-11-03,3.51
2003-11-04,1.1
2003-11-05,1.78
2003-11-06,0.93
2003-11-07,3.45
2003-11-08,3.05
2003-11-09,2.34
2003-11-10,3.55
2003-11-11,3.26
2003-11-12,3.31
2003-11-13,3.17
2003-11-14,2.7
2003-11-15,2.56
2003-11-16,2.76
2003-11-17,2.86
2003-11-18,3.05
2003-11-19,2.73
2003-11-20,2.56
2003-11-21,2.45
2003-11-22,2.21
2003-11-23,2.61
2003-11-24,2.64
2003-11-25,2.71
2003-11-26,2.68
2003-11-27,2.74
2003-11-28,2.86
2003-11-29,1.32
2003-11-30,1.78
2003-12-01,1.92
2003-12-02,2.12
2003-12-03,1.87
2003-12-04,2.48
2003-12-05,2.65
2003-12-06,2.02
2003-12-07,1.63
2003-12-08,1.71
2003-12-09,2.06
2003-12-10,1.47
2003-12-11,2.15
2003-12-12,1.57
2003-12-13,2
2003-12-14,1.12
2003-12-15,2.14
2003-12-16,1.62
2003-12-17,1.2
2003-12-18,1.54
2003-12-19,1.58
2003-12-20,1.52
2003-12-21,1.38
2003-12-22,1.19
2003-12-23,1.97
2003-12-24,1.86
2003-12-25,2.18
2003-12-26,2.03
2003-12-27,1.93
2003-12-28,1.72
2003-12-29,2.11
2003-12-30,2.2
2003-12-31,2.44
2004-01-01,2.34
2004-01-02,1.89
2004-01-03,2.59
2004-01-04,2.62
2004-01-05,2.51
2004-01-06,2.72
2004-01-07,1.82
2004-01-08,2.19
2004-01-09,2.36
2004-01-10,1.21
2004-01-11,1.86
2004-01-12,1.89
2004-01-13,2.15
2004-01-14,2.15
2004-01-15,2.21
2004-01-16,2.34
2004-01-17,2.24
2004-01-18,2.24
2004-01-19,1.55
2004-01-20,2.42
2004-01-21,2.22
2004-01-22,2.41
2004-01-23,2.06
2004-01-24,2.18
2004-01-25,2.45
2004-01-26,2.97
2004-01-27,2.34
2004-01-28,2.3
2004-01-29,2.29
2004-01-30,1.79
2004-01-31,0.99
2004-02-01,2.21
2004-02-02,3.11
2004-02-03,3.25
2004-02-04,3.35
2004-02-05,3.15
2004-02-06,3.53
2004-02-07,3.12
2004-02-08,2.32
2004-02-09,2.63
2004-02-10,2.85
2004-02-11,3.78
2004-02-12,3.62
2004-02-13,3.82
2004-02-14,3.44
2004-02-15,1.21
2004-02-16,2.96
2004-02-17,2.7
2004-02-18,2.67
2004-02-19,2.76
2004-02-20,2.14
2004-02-21,3.95
2004-02-22,4.02
2004-02-23,4.09
2004-02-24,4.21
2004-02-25,3.79
2004-02-26,3.98
2004-02-27,2.82
2004-02-28,3.14
2004-02-29,3.04
2004-03-01,3.16
2004-03-02,4.25
2004-03-03,4.17
2004-03-04,4.58
2004-03-05,4.41
2004-03-06,4.8
2004-03-07,4.45
2004-03-08,4.41
2004-03-09,3.84
2004-03-10,3.6
2004-03-11,3.63
2004-03-12,2.65
2004-03-13,3.66
2004-03-14,2.84
2004-03-15,4.18
2004-03-16,4.53
2004-03-17,4.58
2004-03-18,4.8
2004-03-19,4.79
2004-03-20,4.73
2004-03-21,4.88
2004-03-22,4.8
2004-03-23,4.52
2004-03-24,3.21
2004-03-25,3.89
2004-03-26,4.62
2004-03-27,4.72
2004-03-28,5.01
2004-03-29,3.28
2004-03-30,5.14
2004-03-31,5.22
2004-04-01,4.61
2004-04-02,4.47
2004-04-03,4.79
2004-04-04,4.36
2004-04-05,4.82
2004-04-06,4.9
2004-04-07,4.65
2004-04-08,5.51
2004-04-09,5.82
2004-04-10,5.61
2004-04-11,6.1
2004-04-12,4.21
2004-04-13,4.4
2004-04-14,4.95
2004-04-15,4.7
2004-04-16,4.59
2004-04-17,4.94
2004-04-18,5.21
2004-04-19,5.16
2004-04-20,5.5
2004-04-21,5.45
2004-04-22,5.84
2004-04-23,6.15
2004-04-24,6.33
2004-04-25,6.13
2004-04-26,6.25
2004-04-27,6.28
2004-04-28,5.91
2004-04-29,6.1
2004-04-30,6.58
2004-05-01,6.2
2004-05-02,6.02
2004-05-03,5.15
2004-05-04,5.02
2004-05-05,5.91
2004-05-06,5.31
2004-05-07,5.04
2004-05-08,5.8
2004-05-09,5.83
2004-05-10,4.94
2004-05-11,6.27
2004-05-12,5.9
2004-05-13,6.17
2004-05-14,6.42
2004-05-15,6.47
2004-05-16,5.4
2004-05-17,6.43
2004-05-18,6.37
2004-05-19,6.39
2004-05-20,6.42
2004-05-21,6.34
2004-05-22,6.52
2004-05-23,6.37
2004-05-24,6.35
2004-05-25,6.22
2004-05-26,6.51
2004-05-27,6.51
2004-05-28,6.58
2004-05-29,6.73
2004-05-30,6.78
2004-05-31,6.87
2004-06-01,6.81
2004-06-02,6.73
2004-06-03,6.94
2004-06-04,6.74
2004-06-05,6.79
2004-06-06,5.6
2004-06-07,6.49
2004-06-08,6.43
2004-06-09,6.14
2004-06-10,4.95
2004-06-11,6.64
2004-06-12,5.38
2004-06-13,6.42
2004-06-14,6.19
2004-06-15,5.58
2004-06-16,6.71
2004-06-17,5.52
2004-06-18,6.6
2004-06-19,6.69
2004-06-20,6.59
2004-06-21,6.72
2004-06-22,6.73
2004-06-23,7.02
2004-06-24,7.28
2004-06-25,7.22
2004-06-26,7.04
2004-06-27,6.82
2004-06-28,6.41
2004-06-29,6.76
2004-06-30,6.69
2004-07-01,6.59
2004-07-02,6.73
2004-07-03,6.34
2004-07-04,5.76
2004-07-05,6.74
2004-07-06,6.76
2004-07-07,6.58
2004-07-08,6.34
2004-07-09,6.44
2004-07-10,6.69
2004-07-11,6.64
2004-07-12,6.46
2004-07-13,6.63
2004-07-14,5.92
2004-07-15,6.51
2004-07-16,5.62
2004-07-17,5.57
2004-07-18,6.03
2004-07-19,6.22
2004-07-20,2.79
2004-07-21,5.52
2004-07-22,5.96
2004-07-23,5.71
2004-07-24,6.49
2004-07-25,3.72
2004-07-26,6.5
2004-07-27,6.25
2004-07-28,3.48
2004-07-29,4.04
2004-07-30,5.14
2004-07-31,4.45
2004-08-01,5.28
2004-08-02,5.02
2004-08-03,3.53
2004-08-04,4.99
2004-08-05,2.95
2004-08-06,6.07
2004-08-07,4.02
2004-08-08,5.84
2004-08-09,5.9
2004-08-10,6.19
2004-08-11,6.26
2004-08-12,6.1
2004-08-13,3.92
2004-08-14,6
2004-08-15,5.84
2004-08-16,5.97
2004-08-17,5.98
2004-08-18,5.6
2004-08-19,5.58
2004-08-20,4.6
2004-08-21,6.03
2004-08-22,5.03
2004-08-23,5.46
2004-08-24,5.03
2004-08-25,5.24
2004-08-26,5.83
2004-08-27,6.07
2004-08-28,5.73
2004-08-29,6
2004-08-30,5.96
2004-08-31,5.91
2004-09-01,5.74
2004-09-02,5.9
2004-09-03,5.49
2004-09-04,2.82
2004-09-05,1.25
2004-09-06,5.26
2004-09-07,5.25
2004-09-08,5.28
2004-09-09,5.59
2004-09-10,5.64
2004-09-11,5.6
2004-09-12,5.48
2004-09-13,1.67
2004-09-14,3.28
2004-09-15,5.5
2004-09-16,5.68
2004-09-17,5.7
2004-09-18,5.08
2004-09-19,4.22
2004-09-20,4.64
2004-09-21,5.17
2004-09-22,3.19
2004-09-23,4.73
2004-09-24,3.68
2004-09-25,2.9
2004-09-26,4.39
2004-09-27,4.8
2004-09-28,4.86
2004-09-29,5.07
2004-09-30,4.76
2004-10-01,4.65
2004-10-02,4.82
2004-10-03,4.71
2004-10-04,4.6
2004-10-05,4.64
2004-10-06,4.73
2004-10-07,3.67
2004-10-08,4.5
2004-10-09,4.4
2004-10-10,4.28
2004-10-11,1.98
2004-10-12,3.43
2004-10-13,4.48
2004-10-14,4.33
2004-10-15,2.58
2004-10-16,3.18
2004-10-17,3.87
2004-10-18,4.05
2004-10-19,3.61
2004-10-20,4.26
2004-10-21,4.09
2004-10-22,3.88
2004-10-23,3.55
2004-10-24,3.12
2004-10-25,3.69
2004-10-26,3.68
2004-10-27,3.49
2004-10-28,3.53
2004-10-29,3.57
2004-10-30,3.21
2004-10-31,0.55
2004-11-01,NA
2004-11-02,3.69
2004-11-03,3.89
2004-11-04,3.68
2004-11-05,3.16
2004-11-06,3.27
2004-11-07,2.42
2004-11-08,3.05
2004-11-09,2.93
2004-11-10,2.68
2004-11-11,2.86
2004-11-12,3.09
2004-11-13,3.17
2004-11-14,2.58
2004-11-15,2.53
2004-11-16,2.11
2004-11-17,2.37
2004-11-18,2.41
2004-11-19,2.76
2004-11-20,2.88
2004-11-21,2.92
2004-11-22,2.9
2004-11-23,2.78
2004-11-24,2.74
2004-11-25,1.64
2004-11-26,2.4
2004-11-27,2.41
2004-11-28,2.7
2004-11-29,2.44
2004-11-30,1.34
2004-12-01,1.87
2004-12-02,2.42
2004-12-03,2.46
2004-12-04,1.77
2004-12-05,2.52
2004-12-06,2.63
2004-12-07,2.65
2004-12-08,2.59
2004-12-09,2.7
2004-12-10,2.56
2004-12-11,1.79
2004-12-12,1.79
2004-12-13,1.65
2004-12-14,1.86
2004-12-15,1.55
2004-12-16,1.53
2004-12-17,1.24
2004-12-18,1.56
2004-12-19,1.61
2004-12-20,1.58
2004-12-21,1.74
2004-12-22,1.9
2004-12-23,1.14
2004-12-24,2.28
2004-12-25,2.39
2004-12-26,1.95
2004-12-27,1.77
2004-12-28,0.63
2004-12-29,1.91
2004-12-30,1.93
2004-12-31,2.07
2005-01-01,2.14
2005-01-02,2.12
2005-01-03,2.34
2005-01-04,2.5
2005-01-05,2.58
2005-01-06,2.44
2005-01-07,2.84
2005-01-08,2.73
2005-01-09,2.63
2005-01-10,2.36
2005-01-11,2.71
2005-01-12,2.62
2005-01-13,2.57
2005-01-14,1.23
2005-01-15,1.15
2005-01-16,1.02
2005-01-17,2.06
2005-01-18,2.09
2005-01-19,2.03
2005-01-20,2.2
2005-01-21,2.03
2005-01-22,2.58
2005-01-23,1.48
2005-01-24,2.1
2005-01-25,2
2005-01-26,2.25
2005-01-27,2.54
2005-01-28,2.31
2005-01-29,2.95
2005-01-30,2.9
2005-01-31,2.83
2005-02-01,2.75
2005-02-02,3.08
2005-02-03,2.66
2005-02-04,1.33
2005-02-05,2.62
2005-02-06,2.65
2005-02-07,1.96
2005-02-08,2.58
2005-02-09,2.94
2005-02-10,3.13
2005-02-11,2.63
2005-02-12,2.55
2005-02-13,2.89
2005-02-14,3.31
2005-02-15,3.53
2005-02-16,3.64
2005-02-17,3.53
2005-02-18,3.17
2005-02-19,3.16
2005-02-20,3.52
2005-02-21,3.72
2005-02-22,3.62
2005-02-23,4.02
2005-02-24,3.5
2005-02-25,3.32
2005-02-26,1.77
2005-02-27,3.68
2005-02-28,2.32
2005-03-01,3.8
2005-03-02,3.71
2005-03-03,0.71
2005-03-04,1.55
2005-03-05,3.86
2005-03-06,3.63
2005-03-07,2.95
2005-03-08,1.28
2005-03-09,0.73
2005-03-10,4.08
2005-03-11,3.85
2005-03-12,3.82
2005-03-13,4.21
2005-03-14,3.88
2005-03-15,4.32
2005-03-16,4.8
2005-03-17,5.09
2005-03-18,5
2005-03-19,4.94
2005-03-20,4.46
2005-03-21,4.09
2005-03-22,4.98
2005-03-23,5.6
2005-03-24,5.26
2005-03-25,5.49
2005-03-26,5.47
2005-03-27,5.65
2005-03-28,3.28
2005-03-29,5.72
2005-03-30,5.16
2005-03-31,5.41
2005-04-01,5.64
2005-04-02,2.34
2005-04-03,4.9
2005-04-04,4.65
2005-04-05,4.94
2005-04-06,4.67
2005-04-07,5.15
2005-04-08,3.79
2005-04-09,5.56
2005-04-10,5.68
2005-04-11,5.88
2005-04-12,5.94
2005-04-13,5.65
2005-04-14,4.92
2005-04-15,5.34
2005-04-16,5.13
2005-04-17,5.11
2005-04-18,5.56
2005-04-19,5.39
2005-04-20,4.86
2005-04-21,5.31
2005-04-22,5.64
2005-04-23,5.83
2005-04-24,5.73
2005-04-25,5.34
2005-04-26,5.66
2005-04-27,2.64
2005-04-28,5.36
2005-04-29,6.1
2005-04-30,6.29
2005-05-01,2.67
2005-05-02,5.38
2005-05-03,6.12
2005-05-04,5.85
2005-05-05,1.55
2005-05-06,5.22
2005-05-07,5.93
2005-05-08,5.77
2005-05-09,6.01
2005-05-10,6.24
2005-05-11,6.17
2005-05-12,6.31
2005-05-13,6.03
2005-05-14,6.32
2005-05-15,6.51
2005-05-16,6.56
2005-05-17,5.63
2005-05-18,6.37
2005-05-19,6.22
2005-05-20,4.34
2005-05-21,6.41
2005-05-22,6.04
2005-05-23,6.27
2005-05-24,6.59
2005-05-25,7.07
2005-05-26,7.16
2005-05-27,6.87
2005-05-28,6.96
2005-05-29,7.19
2005-05-30,6.94
2005-05-31,7.08
2005-06-01,2.46
2005-06-02,2.73
2005-06-03,4.64
2005-06-04,3.16
2005-06-05,6.23
2005-06-06,6.14
2005-06-07,6.12
2005-06-08,6.17
2005-06-09,2.59
2005-06-10,1.98
2005-06-11,6.43
2005-06-12,6.99
2005-06-13,7.23
2005-06-14,7.3
2005-06-15,7.4
2005-06-16,6.81
2005-06-17,6.63
2005-06-18,6.57
2005-06-19,3.75
2005-06-20,2.76
2005-06-21,3.52
2005-06-22,2.78
2005-06-23,5.78
2005-06-24,6.58
2005-06-25,6.82
2005-06-26,5.96
2005-06-27,5.28
2005-06-28,5.85
2005-06-29,5.64
2005-06-30,6.85
2005-07-01,4.38
2005-07-02,6.99
2005-07-03,6.72
2005-07-04,6.87
2005-07-05,7.05
2005-07-06,7.03
2005-07-07,6.96
2005-07-08,2.85
2005-07-09,1.74
2005-07-10,2.94
2005-07-11,6.77
2005-07-12,6.78
2005-07-13,5.39
2005-07-14,6.72
2005-07-15,6.76
2005-07-16,6.58
2005-07-17,6.91
2005-07-18,6.37
2005-07-19,6.91
2005-07-20,6.86
2005-07-21,6.9
2005-07-22,6.93
2005-07-23,6.74
2005-07-24,6.86
2005-07-25,6.54
2005-07-26,6.62
2005-07-27,4.68
2005-07-28,6.98
2005-07-29,6.5
2005-07-30,5.55
2005-07-31,6.73
2005-08-01,6.74
2005-08-02,6.68
2005-08-03,6.61
2005-08-04,6.63
2005-08-05,4.53
2005-08-06,5.8
2005-08-07,5.9
2005-08-08,6.36
2005-08-09,6.21
2005-08-10,6.63
2005-08-11,6.31
2005-08-12,5.54
2005-08-13,6.62
2005-08-14,6.49
2005-08-15,6.41
2005-08-16,6.42
2005-08-17,6.59
2005-08-18,6.34
2005-08-19,6.59
2005-08-20,6.53
2005-08-21,4.94
2005-08-22,5.76
2005-08-23,6.03
2005-08-24,4.19
2005-08-25,1.42
2005-08-26,1.99
2005-08-27,4.77
2005-08-28,6.26
2005-08-29,6.61
2005-08-30,6.58
2005-08-31,6.38
2005-09-01,5.96
2005-09-02,5.36
2005-09-03,5.62
2005-09-04,3.03
2005-09-05,5.01
2005-09-06,5.93
2005-09-07,6.16
2005-09-08,6.06
2005-09-09,6.29
2005-09-10,5.63
2005-09-11,5.71
2005-09-12,5.47
2005-09-13,5.74
2005-09-14,5.64
2005-09-15,5.56
2005-09-16,5.67
2005-09-17,5.51
2005-09-18,5.69
2005-09-19,4.16
2005-09-20,0.52
2005-09-21,4.8
2005-09-22,4.82
2005-09-23,5.18
2005-09-24,5.35
2005-09-25,5.16
2005-09-26,4.86
2005-09-27,5.22
2005-09-28,4.84
2005-09-29,4.34
2005-09-30,5.13
2005-10-01,4.27
2005-10-02,5.02
2005-10-03,4.94
2005-10-04,4.06
2005-10-05,5
2005-10-06,2.7
2005-10-07,3.52
2005-10-08,5.03
2005-10-09,5.1
2005-10-10,5.19
2005-10-11,5.08
2005-10-12,5.18
2005-10-13,4.73
2005-10-14,4.47
2005-10-15,2.17
2005-10-16,2.33
2005-10-17,4.24
2005-10-18,3.01
2005-10-19,4.05
2005-10-20,3.02
2005-10-21,0.82
2005-10-22,3.5
2005-10-23,3.9
2005-10-24,1.99
2005-10-25,2.94
2005-10-26,3.06
2005-10-27,2.77
2005-10-28,3.13
2005-10-29,3.42
2005-10-30,2.69
2005-10-31,1.32
2005-11-01,3.11
2005-11-02,3.8
2005-11-03,3.64
2005-11-04,3.25
2005-11-05,3.78
2005-11-06,3.84
2005-11-07,3.11
2005-11-08,3.52
2005-11-09,3.57
2005-11-10,3.27
2005-11-11,3.17
2005-11-12,2.9
2005-11-13,3.2
2005-11-14,3.36
2005-11-15,2.85
2005-11-16,3.32
2005-11-17,2.81
2005-11-18,1.38
2005-11-19,2.07
2005-11-20,2.49
2005-11-21,2.78
2005-11-22,2.36
2005-11-23,2.26
2005-11-24,2.26
2005-11-25,2.43
2005-11-26,2.56
2005-11-27,2.47
2005-11-28,2.88
2005-11-29,1.35
2005-11-30,2.03
2005-12-01,2.32
2005-12-02,2.06
2005-12-03,2.2
2005-12-04,2.4
2005-12-05,2.36
2005-12-06,2.55
2005-12-07,2.43
2005-12-08,2.83
2005-12-09,2.8
2005-12-10,2.53
2005-12-11,2.28
2005-12-12,2.09
2005-12-13,1.89
2005-12-14,2.03
2005-12-15,2.24
2005-12-16,2.2
2005-12-17,2.75
2005-12-18,2.38
2005-12-19,1.11
2005-12-20,1.95
2005-12-21,1.63
2005-12-22,1.57
2005-12-23,1.7
2005-12-24,2.07
2005-12-25,1.56
2005-12-26,2.27
2005-12-27,1.74
2005-12-28,1.92
2005-12-29,2.29
2005-12-30,2.4
2005-12-31,2.4
2006-01-01,2.66
2006-01-02,2.87
2006-01-03,2.62
2006-01-04,2.36
2006-01-05,2.23
2006-01-06,1.3
2006-01-07,1.8
2006-01-08,1.78
2006-01-09,2.03
2006-01-10,2.41
2006-01-11,2.67
2006-01-12,2.47
2006-01-13,2.51
2006-01-14,2.26
2006-01-15,1.76
2006-01-16,1.94
2006-01-17,2.41
2006-01-18,1.79
2006-01-19,0.98
2006-01-20,2.72
2006-01-21,3.16
2006-01-22,2.96
2006-01-23,3.37
2006-01-24,3.22
2006-01-25,2.42
2006-01-26,2.51
2006-01-27,1.84
2006-01-28,2.33
2006-01-29,2.22
2006-01-30,2.81
2006-01-31,2.69
2006-02-01,2.7
2006-02-02,2.34
2006-02-03,2.86
2006-02-04,1.49
2006-02-05,3.1
2006-02-06,2.79
2006-02-07,3.03
2006-02-08,2.56
2006-02-09,2.59
2006-02-10,2.77
2006-02-11,2.45
2006-02-12,1.43
2006-02-13,1.65
2006-02-14,2.52
2006-02-15,2.45
2006-02-16,2.66
2006-02-17,3.64
2006-02-18,3.82
2006-02-19,3.85
2006-02-20,4.05
2006-02-21,4.14
2006-02-22,4.35
2006-02-23,4.53
2006-02-24,4.44
2006-02-25,3.87
2006-02-26,2.48
2006-02-27,3.69
2006-02-28,3.84
2006-03-01,3.47
2006-03-02,4.21
2006-03-03,4.16
2006-03-04,4.25
2006-03-05,4.33
2006-03-06,4.32
2006-03-07,4.16
2006-03-08,4.05
2006-03-09,3.09
2006-03-10,3.18
2006-03-11,4.72
2006-03-12,4.35
2006-03-13,4.69
2006-03-14,5.07
2006-03-15,4.4
2006-03-16,5.05
2006-03-17,4.88
2006-03-18,4.73
2006-03-19,4.97
2006-03-20,4.99
2006-03-21,5.17
2006-03-22,5.58
2006-03-23,5.44
2006-03-24,3.86
2006-03-25,5.08
2006-03-26,4.38
2006-03-27,4.23
2006-03-28,4.05
2006-03-29,4.88
2006-03-30,5.32
2006-03-31,5.39
2006-04-01,5.35
2006-04-02,5.33
2006-04-03,5.35
2006-04-04,5.57
2006-04-05,5.42
2006-04-06,5.34
2006-04-07,5.3
2006-04-08,5.43
2006-04-09,5.24
2006-04-10,4.13
2006-04-11,5
2006-04-12,5.14
2006-04-13,5.02
2006-04-14,5.61
2006-04-15,5.75
2006-04-16,5.74
2006-04-17,5.73
2006-04-18,5.64
2006-04-19,5.94
2006-04-20,6.2
2006-04-21,6.37
2006-04-22,6.46
2006-04-23,5.41
2006-04-24,6.27
2006-04-25,6.47
2006-04-26,6.39
2006-04-27,6.5
2006-04-28,5.6
2006-04-29,5.66
2006-04-30,5.59
2006-05-01,5.86
2006-05-02,6.14
2006-05-03,5.91
2006-05-04,6.12
2006-05-05,6.33
2006-05-06,6.34
2006-05-07,6.43
2006-05-08,6.49
2006-05-09,6.55
2006-05-10,6.48
2006-05-11,6.62
2006-05-12,5.29
2006-05-13,4.48
2006-05-14,6.27
2006-05-15,5.6
2006-05-16,1.27
2006-05-17,4.67
2006-05-18,5.91
2006-05-19,6.2
2006-05-20,6.28
2006-05-21,5.87
2006-05-22,4.24
2006-05-23,4.6
2006-05-24,5.35
2006-05-25,3.67
2006-05-26,4.25
2006-05-27,4.32
2006-05-28,6.37
2006-05-29,6.02
2006-05-30,6.1
2006-05-31,6.96
2006-06-01,6.25
2006-06-02,6.84
2006-06-03,5.46
2006-06-04,6.68
2006-06-05,6.63
2006-06-06,6.63
2006-06-07,6.85
2006-06-08,6.36
2006-06-09,6.39
2006-06-10,2.88
2006-06-11,1.29
2006-06-12,3.36
2006-06-13,6.67
2006-06-14,7.27
2006-06-15,6.89
2006-06-16,6.81
2006-06-17,5.49
2006-06-18,6.19
2006-06-19,7.23
2006-06-20,6.26
2006-06-21,6.03
2006-06-22,6.84
2006-06-23,5.88
2006-06-24,5.15
2006-06-25,2.59
2006-06-26,6.15
2006-06-27,6.6
2006-06-28,4.86
2006-06-29,5.47
2006-06-30,6.31
2006-07-01,6.69
2006-07-02,3.35
2006-07-03,5.67
2006-07-04,6.78
2006-07-05,5.88
2006-07-06,4.9
2006-07-07,3.93
2006-07-08,3.31
2006-07-09,6.6
2006-07-10,6.51
2006-07-11,4.29
2006-07-12,1.81
2006-07-13,2.73
2006-07-14,6.59
2006-07-15,7
2006-07-16,6.98
2006-07-17,7
2006-07-18,5.43
2006-07-19,5.39
2006-07-20,5.79
2006-07-21,3.3
2006-07-22,5.84
2006-07-23,6.76
2006-07-24,6.9
2006-07-25,6.94
2006-07-26,7.05
2006-07-27,6.96
2006-07-28,5.79
2006-07-29,5.43
2006-07-30,6.68
2006-07-31,6.67
2006-08-01,6.89
2006-08-02,6.89
2006-08-03,5.68
2006-08-04,5.48
2006-08-05,6.32
2006-08-06,6.34
2006-08-07,6.58
2006-08-08,3.44
2006-08-09,6.39
2006-08-10,6.79
2006-08-11,6.64
2006-08-12,6.79
2006-08-13,6.6
2006-08-14,2.03
2006-08-15,6.51
2006-08-16,6.4
2006-08-17,6.58
2006-08-18,6.38
2006-08-19,4.71
2006-08-20,4.64
2006-08-21,5.64
2006-08-22,4.25
2006-08-23,6.15
2006-08-24,6.19
2006-08-25,5.72
2006-08-26,6.52
2006-08-27,6.46
2006-08-28,6.51
2006-08-29,1.22
2006-08-30,2.42
2006-08-31,3.75
2006-09-01,4.91
2006-09-02,3.97
2006-09-03,3.53
2006-09-04,2.92
2006-09-05,0.54
2006-09-06,5.6
2006-09-07,6.26
2006-09-08,5.51
2006-09-09,5.67
2006-09-10,5.91
2006-09-11,5.63
2006-09-12,4.7
2006-09-13,6.01
2006-09-14,4.8
2006-09-15,5.5
2006-09-16,5.77
2006-09-17,5.92
2006-09-18,4.14
2006-09-19,4.56
2006-09-20,5.62
2006-09-21,4.78
2006-09-22,3.39
2006-09-23,5.51
2006-09-24,5.29
2006-09-25,5.5
2006-09-26,5.6
2006-09-27,5.57
2006-09-28,3.17
2006-09-29,4.32
2006-09-30,4.04
2006-10-01,4.87
2006-10-02,5.14
2006-10-03,4.99
2006-10-04,4.66
2006-10-05,5.12
2006-10-06,4.79
2006-10-07,4.79
2006-10-08,4.51
2006-10-09,3.6
2006-10-10,4.46
2006-10-11,3.94
2006-10-12,3.62
2006-10-13,4.16
2006-10-14,4.73
2006-10-15,4.33
2006-10-16,4.45
2006-10-17,4.07
2006-10-18,4.37
2006-10-19,4.67
2006-10-20,4.53
2006-10-21,4.58
2006-10-22,4.55
2006-10-23,3.08
2006-10-24,3.44
2006-10-25,3.25
2006-10-26,3.43
2006-10-27,3.16
2006-10-28,1.66
2006-10-29,3.42
2006-10-30,3.18
2006-10-31,3.82
2006-11-01,3.11
2006-11-02,0.81
2006-11-03,2.49
2006-11-04,1.83
2006-11-05,3.38
2006-11-06,3.44
2006-11-07,2.29
2006-11-08,3.2
2006-11-09,3.27
2006-11-10,3.12
2006-11-11,3.14
2006-11-12,3.08
2006-11-13,2.97
2006-11-14,2.64
2006-11-15,2.83
2006-11-16,1.9
2006-11-17,1.68
2006-11-18,1.81
2006-11-19,2.29
2006-11-20,1.1
2006-11-21,2
2006-11-22,1.97
2006-11-23,2.11
2006-11-24,2.04
2006-11-25,2.43
2006-11-26,2.59
2006-11-27,2.4
2006-11-28,2.8
2006-11-29,2.85
2006-11-30,2.64
2006-12-01,2.91
2006-12-02,2.99
2006-12-03,2.77
2006-12-04,2.35
2006-12-05,2.07
2006-12-06,2.32
2006-12-07,2.53
2006-12-08,1.71
2006-12-09,1.17
2006-12-10,1.87
2006-12-11,1.35
2006-12-12,1.98
2006-12-13,2.56
2006-12-14,2.34
2006-12-15,1.39
2006-12-16,0.65
2006-12-17,1.9
2006-12-18,2.64
2006-12-19,2.38
2006-12-20,2.04
2006-12-21,1.62
2006-12-22,2.07
2006-12-23,2.68
2006-12-24,2.96
2006-12-25,2.7
2006-12-26,0.85
2006-12-27,1.77
2006-12-28,1.98
2006-12-29,2.1
2006-12-30,2.79
2006-12-31,2.58
2007-01-01,2.78
2007-01-02,2.09
2007-01-03,2.87
2007-01-04,2.74
2007-01-05,2.3
2007-01-06,2.94
2007-01-07,2.98
2007-01-08,2.77
2007-01-09,2.4
2007-01-10,1.6
2007-01-11,1.96
2007-01-12,2.33
2007-01-13,2.64
2007-01-14,2.64
2007-01-15,2.05
2007-01-16,2.92
2007-01-17,3.11
2007-01-18,3.05
2007-01-19,3.03
2007-01-20,2.64
2007-01-21,2.91
2007-01-22,3.2
2007-01-23,3.13
2007-01-24,2.92
2007-01-25,0.94
2007-01-26,2.43
2007-01-27,2.47
2007-01-28,2.13
2007-01-29,2.33
2007-01-30,2.01
2007-01-31,2.44
2007-02-01,3.05
2007-02-02,3.32
2007-02-03,2.95
2007-02-04,0.79
2007-02-05,0.97
2007-02-06,1.17
2007-02-07,2.46
2007-02-08,2.94
2007-02-09,2.82
2007-02-10,3.14
2007-02-11,0.88
2007-02-12,0.66
2007-02-13,2.15
2007-02-14,3.78
2007-02-15,3.43
2007-02-16,1.22
2007-02-17,2.74
2007-02-18,2.27
2007-02-19,2.88
2007-02-20,2.74
2007-02-21,3.41
2007-02-22,3.37
2007-02-23,3.56
2007-02-24,3.68
2007-02-25,3.75
2007-02-26,3.65
2007-02-27,3.54
2007-02-28,4.17
2007-03-01,4.08
2007-03-02,4.61
2007-03-03,4.85
2007-03-04,4.31
2007-03-05,4.24
2007-03-06,4.01
2007-03-07,3.85
2007-03-08,3.88
2007-03-09,4.39
2007-03-10,4.5
2007-03-11,4.48
2007-03-12,4.55
2007-03-13,4.38
2007-03-14,3.59
2007-03-15,4.07
2007-03-16,4.27
2007-03-17,4.96
2007-03-18,4.49
2007-03-19,4.22
2007-03-20,4.61
2007-03-21,4.6
2007-03-22,1.42
2007-03-23,5.21
2007-03-24,4.78
2007-03-25,5.25
2007-03-26,5.26
2007-03-27,4.2
2007-03-28,5.43
2007-03-29,4.38
2007-03-30,5.37
2007-03-31,5.17
2007-04-01,5.34
2007-04-02,5.6
2007-04-03,5.74
2007-04-04,5.66
2007-04-05,5
2007-04-06,4.27
2007-04-07,4.9
2007-04-08,4.76
2007-04-09,4.99
2007-04-10,5.7
2007-04-11,4
2007-04-12,2.87
2007-04-13,6.14
2007-04-14,5.98
2007-04-15,3.51
2007-04-16,5.31
2007-04-17,4.97
2007-04-18,5.19
2007-04-19,5.66
2007-04-20,5.42
2007-04-21,5.38
2007-04-22,5.58
2007-04-23,5.59
2007-04-24,5.9
2007-04-25,6.08
2007-04-26,6.33
2007-04-27,6.53
2007-04-28,6.46
2007-04-29,6.38
2007-04-30,6.24
2007-05-01,6.04
2007-05-02,6.14
2007-05-03,6.37
2007-05-04,6.25
2007-05-05,5.53
2007-05-06,6.23
2007-05-07,4.52
2007-05-08,5.57
2007-05-09,5.61
2007-05-10,6.16
2007-05-11,5.71
2007-05-12,5.12
2007-05-13,6.2
2007-05-14,4.98
2007-05-15,4.64
2007-05-16,5.53
2007-05-17,6.3
2007-05-18,6.37
2007-05-19,6.29
2007-05-20,6.09
2007-05-21,5.93
2007-05-22,5.22
2007-05-23,6.12
2007-05-24,5.5
2007-05-25,5.98
2007-05-26,5.38
2007-05-27,6.08
2007-05-28,6.65
2007-05-29,6.45
2007-05-30,5.34
2007-05-31,2.8
2007-06-01,1.54
2007-06-02,5.28
2007-06-03,7.03
2007-06-04,6.69
2007-06-05,6.33
2007-06-06,1.56
2007-06-07,5.88
2007-06-08,3.53
2007-06-09,3.01
2007-06-10,6.59
2007-06-11,6.69
2007-06-12,6.27
2007-06-13,6.06
2007-06-14,5.5
2007-06-15,4.62
2007-06-16,3.28
2007-06-17,5.42
2007-06-18,6.37
2007-06-19,6.25
2007-06-20,6.76
2007-06-21,6.74
2007-06-22,6.2
2007-06-23,6.73
2007-06-24,5.2
2007-06-25,5.31
2007-06-26,6.81
2007-06-27,4.73
2007-06-28,3.96
2007-06-29,6.14
2007-06-30,6.67
2007-07-01,6.92
2007-07-02,6.77
2007-07-03,6.34
2007-07-04,5.6
2007-07-05,6.52
2007-07-06,6.08
2007-07-07,6.29
2007-07-08,6.4
2007-07-09,6.02
2007-07-10,7.13
2007-07-11,7.06
2007-07-12,6.95
2007-07-13,7.07
2007-07-14,7.08
2007-07-15,5.83
2007-07-16,6.91
2007-07-17,6.4
2007-07-18,6.97
2007-07-19,6.98
2007-07-20,6.9
2007-07-21,6.38
2007-07-22,3.72
2007-07-23,6.31
2007-07-24,5.84
2007-07-25,5.8
2007-07-26,6.52
2007-07-27,4.46
2007-07-28,4.85
2007-07-29,5
2007-07-30,5.12
2007-07-31,6.87
2007-08-01,5.31
2007-08-02,6.46
2007-08-03,6.79
2007-08-04,6.66
2007-08-05,6.69
2007-08-06,5.2
2007-08-07,6.45
2007-08-08,5.17
2007-08-09,6.62
2007-08-10,6.64
2007-08-11,6.65
2007-08-12,5.91
2007-08-13,6.12
2007-08-14,4.29
2007-08-15,5.36
2007-08-16,4.39
2007-08-17,5.8
2007-08-18,6.22
2007-08-19,6.23
2007-08-20,6.21
2007-08-21,6.4
2007-08-22,5.42
2007-08-23,6.2
2007-08-24,5.6
2007-08-25,3.31
2007-08-26,6.28
2007-08-27,6.23
2007-08-28,6.09
2007-08-29,5.95
2007-08-30,5.89
2007-08-31,6.08
2007-09-01,5.83
2007-09-02,5.92
2007-09-03,6.08
2007-09-04,5.76
2007-09-05,4.35
2007-09-06,5.98
2007-09-07,5.46
2007-09-08,5.07
2007-09-09,4.22
2007-09-10,3.62
2007-09-11,6.02
2007-09-12,5.9
2007-09-13,6.11
2007-09-14,5.91
2007-09-15,5.73
2007-09-16,5.36
2007-09-17,5.04
2007-09-18,4.31
2007-09-19,5.53
2007-09-20,5.35
2007-09-21,5.42
2007-09-22,4.92
2007-09-23,4.59
2007-09-24,2.86
2007-09-25,2.36
2007-09-26,1.83
2007-09-27,5.06
2007-09-28,5.06
2007-09-29,5.01
2007-09-30,3.84
2007-10-01,0.59
2007-10-02,4.2
2007-10-03,4.11
2007-10-04,4.92
2007-10-05,4.76
2007-10-06,4.71
2007-10-07,4.98
2007-10-08,4.86
2007-10-09,4.82
2007-10-10,4.65
2007-10-11,4.79
2007-10-12,4.7
2007-10-13,1.54
2007-10-14,3.07
2007-10-15,3.18
2007-10-16,4.46
2007-10-17,4.32
2007-10-18,4.55
2007-10-19,4.45
2007-10-20,2.27
2007-10-21,3.68
2007-10-22,4.28
2007-10-23,4.33
2007-10-24,3.52
2007-10-25,1.75
2007-10-26,0.45
2007-10-27,3.56
2007-10-28,3.64
2007-10-29,3.53
2007-10-30,3.26
2007-10-31,3.6
2007-11-01,3.67
2007-11-02,3.5
2007-11-03,3.45
2007-11-04,3.04
2007-11-05,3.04
2007-11-06,2.8
2007-11-07,2.98
2007-11-08,3.09
2007-11-09,2.92
2007-11-10,2.92
2007-11-11,2.46
2007-11-12,3.04
2007-11-13,3.09
2007-11-14,2.99
2007-11-15,2.93
2007-11-16,2.53
2007-11-17,2.45
2007-11-18,2.74
2007-11-19,2.47
2007-11-20,2.74
2007-11-21,2.79
2007-11-22,2.72
2007-11-23,2.86
2007-11-24,2.65
2007-11-25,2.98
2007-11-26,2.39
2007-11-27,3.04
2007-11-28,3.14
2007-11-29,2.98
2007-11-30,2.96
2007-12-01,2.88
2007-12-02,2.72
2007-12-03,2.7
2007-12-04,1.77
2007-12-05,2.25
2007-12-06,2.29
2007-12-07,2.55
2007-12-08,2.62
2007-12-09,2.61
2007-12-10,1.99
2007-12-11,2.28
2007-12-12,2.39
2007-12-13,1.93
2007-12-14,2.65
2007-12-15,2.44
2007-12-16,1.16
2007-12-17,1.95
2007-12-18,1.76
2007-12-19,2.06
2007-12-20,2.2
2007-12-21,2.13
2007-12-22,2.34
2007-12-23,2.2
2007-12-24,2.13
2007-12-25,1.23
2007-12-26,2.42
2007-12-27,2.5
2007-12-28,2.59
2007-12-29,2.63
2007-12-30,2.65
2007-12-31,2.68
2008-01-01,2.24
2008-01-02,1.52
2008-01-03,1.32
2008-01-04,1.35
2008-01-05,1.85
2008-01-06,2.13
2008-01-07,2.36
2008-01-08,2.09
2008-01-09,2.44
2008-01-10,2.52
2008-01-11,2.17
2008-01-12,1.36
2008-01-13,2.75
2008-01-14,2.1
2008-01-15,1.72
2008-01-16,1.85
2008-01-17,2.24
2008-01-18,2.98
2008-01-19,3.04
2008-01-20,0.86
2008-01-21,1.08
2008-01-22,1.86
2008-01-23,2.97
2008-01-24,3.07
2008-01-25,2.42
2008-01-26,2.75
2008-01-27,1.94
2008-01-28,2.26
2008-01-29,2.21
2008-01-30,2.8
2008-01-31,2.9
2008-02-01,3.13
2008-02-02,3.16
2008-02-03,3.26
2008-02-04,3.37
2008-02-05,3.25
2008-02-06,3.44
2008-02-07,3.5
2008-02-08,3.53
2008-02-09,3.33
2008-02-10,2.79
2008-02-11,3.23
2008-02-12,0.96
2008-02-13,2.46
2008-02-14,3.13
2008-02-15,3.45
2008-02-16,3.69
2008-02-17,2.86
2008-02-18,3.99
2008-02-19,1.2
2008-02-20,2
2008-02-21,3.03
2008-02-22,3.92
2008-02-23,4.21
2008-02-24,4.4
2008-02-25,4.47
2008-02-26,4.38
2008-02-27,1.5
2008-02-28,3.15
2008-02-29,3.37
2008-03-01,3.88
2008-03-02,3.8
2008-03-03,4.24
2008-03-04,4.27
2008-03-05,4.27
2008-03-06,4.33
2008-03-07,4.79
2008-03-08,4.02
2008-03-09,3.13
2008-03-10,3.46
2008-03-11,1.95
2008-03-12,4
2008-03-13,4.54
2008-03-14,4.47
2008-03-15,4.65
2008-03-16,4.89
2008-03-17,4.79
2008-03-18,4.36
2008-03-19,4.55
2008-03-20,4.54
2008-03-21,3.6
2008-03-22,1.17
2008-03-23,4.92
2008-03-24,2.8
2008-03-25,4.83
2008-03-26,4.06
2008-03-27,4.63
2008-03-28,5.03
2008-03-29,5.18
2008-03-30,4.82
2008-03-31,5.33
2008-04-01,5.41
2008-04-02,5.7
2008-04-03,5.8
2008-04-04,5.44
2008-04-05,5.67
2008-04-06,5.61
2008-04-07,5.49
2008-04-08,2.87
2008-04-09,5.72
2008-04-10,5.63
2008-04-11,5.79
2008-04-12,5.61
2008-04-13,5.93
2008-04-14,5.31
2008-04-15,4.63
2008-04-16,4.35
2008-04-17,4.87
2008-04-18,5.34
2008-04-19,5.2
2008-04-20,5.89
2008-04-21,5.98
2008-04-22,5.74
2008-04-23,5.9
2008-04-24,6
2008-04-25,5.99
2008-04-26,5.97
2008-04-27,6
2008-04-28,6.5
2008-04-29,5.62
2008-04-30,5.46
2008-05-01,5.8
2008-05-02,5.58
2008-05-03,6.02
2008-05-04,5.57
2008-05-05,5.65
2008-05-06,5.88
2008-05-07,6.13
2008-05-08,5.38
2008-05-09,6.6
2008-05-10,6.56
2008-05-11,6.77
2008-05-12,6.21
2008-05-13,5.95
2008-05-14,5.93
2008-05-15,6.1
2008-05-16,6.26
2008-05-17,6.5
2008-05-18,6.59
2008-05-19,6.64
2008-05-20,6.78
2008-05-21,6.77
2008-05-22,6.78
2008-05-23,6.83
2008-05-24,6.79
2008-05-25,6.43
2008-05-26,5.06
2008-05-27,6.04
2008-05-28,6.32
2008-05-29,6.45
2008-05-30,6.38
2008-05-31,6.98
2008-06-01,6.4
2008-06-02,6.44
2008-06-03,6.59
2008-06-04,6.75
2008-06-05,6.87
2008-06-06,6.91
2008-06-07,6.87
2008-06-08,6.58
2008-06-09,4.74
2008-06-10,6.47
2008-06-11,5.13
2008-06-12,4.27
2008-06-13,6.07
2008-06-14,4.6
2008-06-15,6.34
2008-06-16,6.57
2008-06-17,5.58
2008-06-18,3.67
2008-06-19,2.75
2008-06-20,6.54
2008-06-21,6.26
2008-06-22,6.85
2008-06-23,6.7
2008-06-24,6.17
2008-06-25,6.54
2008-06-26,4.64
2008-06-27,6.5
2008-06-28,6.6
2008-06-29,6.8
2008-06-30,6.33
2008-07-01,5.26
2008-07-02,5.45
2008-07-03,6.32
2008-07-04,6.32
2008-07-05,3.87
2008-07-06,5.99
2008-07-07,5.81
2008-07-08,6.41
2008-07-09,6.63
2008-07-10,6.38
2008-07-11,6.21
2008-07-12,3.58
2008-07-13,3.62
2008-07-14,3.28
2008-07-15,3.27
2008-07-16,5.71
2008-07-17,6.5
2008-07-18,6.65
2008-07-19,6.48
2008-07-20,6.6
2008-07-21,6.59
2008-07-22,6.17
2008-07-23,5.59
2008-07-24,5.93
2008-07-25,5.73
2008-07-26,6.51
2008-07-27,4.67
2008-07-28,6.56
2008-07-29,6.56
2008-07-30,6.51
2008-07-31,6.55
2008-08-01,6.41
2008-08-02,6.23
2008-08-03,6.13
2008-08-04,4.11
2008-08-05,5.99
2008-08-06,6.55
2008-08-07,6.46
2008-08-08,6.17
2008-08-09,5.1
2008-08-10,3.14
2008-08-11,3.19
2008-08-12,3.92
2008-08-13,6.09
2008-08-14,5.36
2008-08-15,6.3
2008-08-16,6.28
2008-08-17,4.57
2008-08-18,0.81
2008-08-19,4.93
2008-08-20,5.71
2008-08-21,5.84
2008-08-22,5.67
2008-08-23,6.18
2008-08-24,6.12
2008-08-25,6.14
2008-08-26,6.27
2008-08-27,5.83
2008-08-28,6.22
2008-08-29,5.49
2008-08-30,1.41
2008-08-31,4.86
2008-09-01,5.98
2008-09-02,6.12
2008-09-03,6.01
2008-09-04,4.57
2008-09-05,5.57
2008-09-06,5.97
2008-09-07,5.37
2008-09-08,4.66
2008-09-09,1.4
2008-09-10,2.17
2008-09-11,4.49
2008-09-12,5.55
2008-09-13,5.73
2008-09-14,5.68
2008-09-15,5.63
2008-09-16,5.31
2008-09-17,4.61
2008-09-18,2.91
2008-09-19,5.21
2008-09-20,5.34
2008-09-21,5.08
2008-09-22,5.39
2008-09-23,3.51
2008-09-24,4.08
2008-09-25,3.64
2008-09-26,1.67
2008-09-27,1.64
2008-09-28,4.8
2008-09-29,5.14
2008-09-30,3.23
2008-10-01,4.68
2008-10-02,4.69
2008-10-03,4.14
2008-10-04,3.05
2008-10-05,4.52
2008-10-06,5.22
2008-10-07,5.06
2008-10-08,5.09
2008-10-09,4.83
2008-10-10,3.75
2008-10-11,3.98
2008-10-12,4.96
2008-10-13,4.02
2008-10-14,3.86
2008-10-15,4.22
2008-10-16,4.24
2008-10-17,4.28
2008-10-18,3.43
2008-10-19,4.26
2008-10-20,3.78
2008-10-21,4.05
2008-10-22,1.29
2008-10-23,2.75
2008-10-24,1.77
2008-10-25,3.64
2008-10-26,2.58
2008-10-27,2.84
2008-10-28,2.68
2008-10-29,2.68
2008-10-30,2.5
2008-10-31,2.43
2008-11-01,2.93
2008-11-02,3.42
2008-11-03,3.36
2008-11-04,2.87
2008-11-05,2.86
2008-11-06,2.81
2008-11-07,2.77
2008-11-08,2.53
2008-11-09,2.25
2008-11-10,3
2008-11-11,2.8
2008-11-12,3.16
2008-11-13,3.53
2008-11-14,3.63
2008-11-15,3.53
2008-11-16,2.66
2008-11-17,2.38
2008-11-18,2.26
2008-11-19,2.2
2008-11-20,2.23
2008-11-21,2.36
2008-11-22,2.18
2008-11-23,2.28
2008-11-24,2.33
2008-11-25,2.27
2008-11-26,2.3
2008-11-27,2.07
2008-11-28,2.15
2008-11-29,2.3
2008-11-30,1.31
2008-12-01,1.13
2008-12-02,1.54
2008-12-03,1.87
2008-12-04,2.12
2008-12-05,2.39
2008-12-06,1.53
2008-12-07,2
2008-12-08,2.12
2008-12-09,2.31
2008-12-10,2.9
2008-12-11,1.45
2008-12-12,2.26
2008-12-13,1.86
2008-12-14,1.58
2008-12-15,2.63
2008-12-16,2.4
2008-12-17,2.14
2008-12-18,1.79
2008-12-19,1.92
2008-12-20,2.07
2008-12-21,2.37
2008-12-22,2.33
2008-12-23,1.7
2008-12-24,1.9
2008-12-25,2.05
2008-12-26,2.52
2008-12-27,2.3
2008-12-28,2.6
2008-12-29,2.47
2008-12-30,2.42
2008-12-31,2.22
2009-01-01,NA
2009-01-02,2.34
2009-01-03,2.32
2009-01-04,1.88
2009-01-05,2.62
2009-01-06,2.76
2009-01-07,2.63
2009-01-08,2.31
2009-01-09,2.08
2009-01-10,2.35
2009-01-11,2.51
2009-01-12,2.35
2009-01-13,2.14
2009-01-14,1.93
2009-01-15,1.33
2009-01-16,1.64
2009-01-17,1.95
2009-01-18,1.58
2009-01-19,2.2
2009-01-20,1.35
2009-01-21,1.87
2009-01-22,1.81
2009-01-23,2.06
2009-01-24,2.29
2009-01-25,2.35
2009-01-26,2.7
2009-01-27,2.98
2009-01-28,2.91
2009-01-29,3.16
2009-01-30,2.51
2009-01-31,2.35
2009-02-01,2.26
2009-02-02,2.25
2009-02-03,2.38
2009-02-04,2.28
2009-02-05,2.11
2009-02-06,1.82
2009-02-07,1.23
2009-02-08,2.33
2009-02-09,2.76
2009-02-10,3.14
2009-02-11,3.49
2009-02-12,3.63
2009-02-13,3.46
2009-02-14,3.72
2009-02-15,3.68
2009-02-16,3.2
2009-02-17,3.28
2009-02-18,3.07
2009-02-19,3.69
2009-02-20,3.36
2009-02-21,3.16
2009-02-22,3.27
2009-02-23,2.71
2009-02-24,3.69
2009-02-25,3.52
2009-02-26,3.44
2009-02-27,3.89
2009-02-28,4.14
2009-03-01,3.31
2009-03-02,2.96
2009-03-03,3.75
2009-03-04,3.63
2009-03-05,3.2
2009-03-06,2.96
2009-03-07,3.77
2009-03-08,3.87
2009-03-09,3.85
2009-03-10,4.49
2009-03-11,4.63
2009-03-12,4.69
2009-03-13,4.49
2009-03-14,4.75
2009-03-15,4.88
2009-03-16,4.23
2009-03-17,4.47
2009-03-18,2.31
2009-03-19,3.64
2009-03-20,4.04
2009-03-21,4.2
2009-03-22,4.2
2009-03-23,4.75
2009-03-24,3.28
2009-03-25,4.54
2009-03-26,4.78
2009-03-27,4.8
2009-03-28,5.05
2009-03-29,4.41
2009-03-30,4.36
2009-03-31,5.71
2009-04-01,5.36
2009-04-02,5.6
2009-04-03,5.51
2009-04-04,6.03
2009-04-05,6.05
2009-04-06,5.65
2009-04-07,4.74
2009-04-08,5.06
2009-04-09,4.67
2009-04-10,4.69
2009-04-11,5.61
2009-04-12,5.79
2009-04-13,5.74
2009-04-14,5.65
2009-04-15,5.82
2009-04-16,5.8
2009-04-17,5.55
2009-04-18,5.97
2009-04-19,5.73
2009-04-20,5.73
2009-04-21,4.72
2009-04-22,5.76
2009-04-23,5.91
2009-04-24,5.92
2009-04-25,5.34
2009-04-26,6.01
2009-04-27,5.08
2009-04-28,6.03
2009-04-29,6.05
2009-04-30,6.02
2009-05-01,5.91
2009-05-02,5.98
2009-05-03,5.85
2009-05-04,5.96
2009-05-05,6.14
2009-05-06,6.34
2009-05-07,6.25
2009-05-08,6.26
2009-05-09,6.32
2009-05-10,6.27
2009-05-11,6.37
2009-05-12,6.07
2009-05-13,6.51
2009-05-14,6.38
2009-05-15,4.46
2009-05-16,6.5
2009-05-17,6.34
2009-05-18,5.98
2009-05-19,4.16
2009-05-20,4.92
2009-05-21,6.26
2009-05-22,6.02
2009-05-23,5.93
2009-05-24,5.81
2009-05-25,6.58
2009-05-26,6.43
2009-05-27,5.29
2009-05-28,6.22
2009-05-29,5.6
2009-05-30,3.33
2009-05-31,5.5
2009-06-01,4.19
2009-06-02,4.49
2009-06-03,6.44
2009-06-04,6.34
2009-06-05,6.58
2009-06-06,6.03
2009-06-07,3.03
2009-06-08,5.54
2009-06-09,5.47
2009-06-10,6.78
2009-06-11,6.28
2009-06-12,6.82
2009-06-13,6.85
2009-06-14,6.36
2009-06-15,5.42
2009-06-16,6.14
2009-06-17,5.93
2009-06-18,6.39
2009-06-19,6.9
2009-06-20,7.06
2009-06-21,5.74
2009-06-22,6.42
2009-06-23,3.48
2009-06-24,4.78
2009-06-25,5.34
2009-06-26,4.15
2009-06-27,5.7
2009-06-28,4.69
2009-06-29,5.44
2009-06-30,4.32
2009-07-01,5.44
2009-07-02,6.48
2009-07-03,6.29
2009-07-04,5.74
2009-07-05,6.94
2009-07-06,6.81
2009-07-07,6.83
2009-07-08,6.93
2009-07-09,6.81
2009-07-10,4.52
2009-07-11,6.62
2009-07-12,6.59
2009-07-13,6.59
2009-07-14,6.51
2009-07-15,6.6
2009-07-16,6.87
2009-07-17,6.81
2009-07-18,6.6
2009-07-19,6.12
2009-07-20,5.87
2009-07-21,5.8
2009-07-22,5.7
2009-07-23,6.73
2009-07-24,6.78
2009-07-25,3.23
2009-07-26,4.65
2009-07-27,6.18
2009-07-28,5.39
2009-07-29,4.19
2009-07-30,5.84
2009-07-31,6.61
2009-08-01,6.77
2009-08-02,6.71
2009-08-03,6.57
2009-08-04,6.66
2009-08-05,5.85
2009-08-06,5.95
2009-08-07,6.53
2009-08-08,6.4
2009-08-09,6.3
2009-08-10,6.53
2009-08-11,5.07
2009-08-12,6.53
2009-08-13,6.31
2009-08-14,6.16
2009-08-15,2.78
2009-08-16,6.45
2009-08-17,6.1
2009-08-18,5.45
2009-08-19,5.91
2009-08-20,6.35
2009-08-21,6.43
2009-08-22,6.5
2009-08-23,6.37
2009-08-24,5.7
2009-08-25,6.01
2009-08-26,5.42
2009-08-27,5.4
2009-08-28,5.99
2009-08-29,6.13
2009-08-30,6.1
2009-08-31,5.52
2009-09-01,3.63
2009-09-02,4.82
2009-09-03,5.18
2009-09-04,4.93
2009-09-05,1.62
2009-09-06,5.4
2009-09-07,5.54
2009-09-08,4.42
2009-09-09,4.91
2009-09-10,5.45
2009-09-11,4.48
2009-09-12,3.94
2009-09-13,2.81
2009-09-14,4.56
2009-09-15,5.03
2009-09-16,5.82
2009-09-17,5.35
2009-09-18,5.67
2009-09-19,2.68
2009-09-20,5.7
2009-09-21,5.59
2009-09-22,5.41
2009-09-23,5.53
2009-09-24,5.17
2009-09-25,5.5
2009-09-26,5.23
2009-09-27,4.48
2009-09-28,4.7
2009-09-29,3.75
2009-09-30,2.71
2009-10-01,3.71
2009-10-02,4.62
2009-10-03,4.57
2009-10-04,4.71
2009-10-05,4.69
2009-10-06,4.86
2009-10-07,4.9
2009-10-08,5.15
2009-10-09,4.94
2009-10-10,5.12
2009-10-11,4.92
2009-10-12,4.92
2009-10-13,4.76
2009-10-14,4.87
2009-10-15,4.85
2009-10-16,4.4
2009-10-17,4.21
2009-10-18,2.86
2009-10-19,3.69
2009-10-20,3.29
2009-10-21,2.91
2009-10-22,4.17
2009-10-23,4.29
2009-10-24,2.58
2009-10-25,3.91
2009-10-26,4.12
2009-10-27,4.12
2009-10-28,4.23
2009-10-29,4.32
2009-10-30,4.16
2009-10-31,4.05
2009-11-01,4.05
2009-11-02,3.98
2009-11-03,3.81
2009-11-04,3.51
2009-11-05,2.85
2009-11-06,3.26
2009-11-07,1.89
2009-11-08,2.3
2009-11-09,2.75
2009-11-10,3.27
2009-11-11,2.62
2009-11-12,2.59
2009-11-13,2.78
2009-11-14,2.51
2009-11-15,2.58
2009-11-16,2.65
2009-11-17,2.2
2009-11-18,2.85
2009-11-19,2.97
2009-11-20,2.79
2009-11-21,3.01
2009-11-22,2.45
2009-11-23,2.65
2009-11-24,2.85
2009-11-25,1.11
2009-11-26,2.68
2009-11-27,2.38
2009-11-28,2.01
2009-11-29,1.92
2009-11-30,2.22
2009-12-01,2.4
2009-12-02,2.45
2009-12-03,2.88
2009-12-04,1.72
2009-12-05,1.18
2009-12-06,1.45
2009-12-07,2.54
2009-12-08,2.39
2009-12-09,2.72
2009-12-10,2.75
2009-12-11,1.21
2009-12-12,2.63
2009-12-13,2.59
2009-12-14,2.28
2009-12-15,2.67
2009-12-16,2.84
2009-12-17,2.56
2009-12-18,0.39
2009-12-19,2.16
2009-12-20,1.38
2009-12-21,0.92
2009-12-22,1.29
2009-12-23,1.4
2009-12-24,1.64
2009-12-25,1.73
2009-12-26,2.38
2009-12-27,1.98
2009-12-28,1.72
2009-12-29,1.94
2009-12-30,1.71
2009-12-31,1.72
2010-01-01,2.31
2010-01-02,1.8
2010-01-03,1.17
2010-01-04,1.43
2010-01-05,1.4
2010-01-06,1.53
2010-01-07,0.84
2010-01-08,1.49
2010-01-09,0.29
2010-01-10,1.16
2010-01-11,1.44
2010-01-12,1.44
2010-01-13,1.52
2010-01-14,1.34
2010-01-15,2.25
2010-01-16,2.74
2010-01-17,1.76
2010-01-18,2.64
2010-01-19,2.32
2010-01-20,2.33
2010-01-21,3.01
2010-01-22,3.32
2010-01-23,3.19
2010-01-24,3.02
2010-01-25,1.57
2010-01-26,2.23
2010-01-27,2.36
2010-01-28,2.62
2010-01-29,2.54
2010-01-30,2.87
2010-01-31,2.02
2010-02-01,0.96
2010-02-02,2.59
2010-02-03,2.98
2010-02-04,3.25
2010-02-05,2.83
2010-02-06,3.04
2010-02-07,2.87
2010-02-08,2.08
2010-02-09,2.53
2010-02-10,2.72
2010-02-11,2.33
2010-02-12,2.21
2010-02-13,2.73
2010-02-14,2.11
2010-02-15,2.6
2010-02-16,2.65
2010-02-17,2.77
2010-02-18,2.7
2010-02-19,1.39
2010-02-20,3.09
2010-02-21,3.01
2010-02-22,1.08
2010-02-23,3.7
2010-02-24,2.48
2010-02-25,3.19
2010-02-26,2.8
2010-02-27,1.97
2010-02-28,3.3
2010-03-01,2.96
2010-03-02,2.49
2010-03-03,3.12
2010-03-04,3.39
2010-03-05,3.44
2010-03-06,3.19
2010-03-07,2.87
2010-03-08,3.33
2010-03-09,2.88
2010-03-10,3.7
2010-03-11,3
2010-03-12,3
2010-03-13,4.52
2010-03-14,4.49
2010-03-15,4.47
2010-03-16,3.86
2010-03-17,1.81
2010-03-18,4.16
2010-03-19,4.33
2010-03-20,4.29
2010-03-21,3.68
2010-03-22,2.23
2010-03-23,4.66
2010-03-24,4.86
2010-03-25,4.65
2010-03-26,3.91
2010-03-27,4.9
2010-03-28,4.48
2010-03-29,3.25
2010-03-30,5.04
2010-03-31,5.16
2010-04-01,4.81
2010-04-02,4.82
2010-04-03,4.92
2010-04-04,5.02
2010-04-05,4.98
2010-04-06,5.5
2010-04-07,5.51
2010-04-08,5.73
2010-04-09,5.74
2010-04-10,5.48
2010-04-11,4.56
2010-04-12,3.46
2010-04-13,5.23
2010-04-14,4.63
2010-04-15,4.93
2010-04-16,5.28
2010-04-17,2.29
2010-04-18,4.12
2010-04-19,2.99
2010-04-20,5.67
2010-04-21,5.63
2010-04-22,5.82
2010-04-23,5.73
2010-04-24,5.96
2010-04-25,5.83
2010-04-26,1.56
2010-04-27,6.1
2010-04-28,5.68
2010-04-29,2.59
2010-04-30,3.86
2010-05-01,5.51
2010-05-02,5.43
2010-05-03,6.39
2010-05-04,6.51
2010-05-05,6.5
2010-05-06,6.13
2010-05-07,6.42
2010-05-08,5.84
2010-05-09,6.58
2010-05-10,6.63
2010-05-11,6.42
2010-05-12,6.37
2010-05-13,6.35
2010-05-14,5.96
2010-05-15,6.15
2010-05-16,4.74
2010-05-17,5
2010-05-18,5.8
2010-05-19,1.13
2010-05-20,5.73
2010-05-21,6.93
2010-05-22,6.77
2010-05-23,6.71
2010-05-24,6.34
2010-05-25,6.24
2010-05-26,5.87
2010-05-27,6.72
2010-05-28,6.68
2010-05-29,6.67
2010-05-30,6.84
2010-05-31,7.04
2010-06-01,3.31
2010-06-02,7.08
2010-06-03,7.13
2010-06-04,6.81
2010-06-05,7.03
2010-06-06,6.25
2010-06-07,6.65
2010-06-08,6.02
2010-06-09,6.66
2010-06-10,6.78
2010-06-11,7.19
2010-06-12,7.07
2010-06-13,6.68
2010-06-14,7.25
2010-06-15,7.14
2010-06-16,7.19
2010-06-17,6.87
2010-06-18,4.5
2010-06-19,7.15
2010-06-20,7.21
2010-06-21,7.24
2010-06-22,7.17
2010-06-23,7.03
2010-06-24,6.85
2010-06-25,7.04
2010-06-26,6.3
2010-06-27,6.41
2010-06-28,6.38
2010-06-29,5.49
2010-06-30,5.67
2010-07-01,7.15
2010-07-02,4.96
2010-07-03,5.39
2010-07-04,6.02
2010-07-05,2.43
2010-07-06,6.36
2010-07-07,6.44
2010-07-08,6.71
2010-07-09,6.76
2010-07-10,6.4
2010-07-11,6.96
2010-07-12,6.7
2010-07-13,6.87
2010-07-14,3.57
2010-07-15,6.45
2010-07-16,4.48
2010-07-17,5.68
2010-07-18,5.55
2010-07-19,6.42
2010-07-20,6.36
2010-07-21,6.85
2010-07-22,6.39
2010-07-23,4.67
2010-07-24,7.07
2010-07-25,5.93
2010-07-26,6.88
2010-07-27,7.04
2010-07-28,6.85
2010-07-29,6.95
2010-07-30,6.88
2010-07-31,6.82
2010-08-01,6.83
2010-08-02,4.65
2010-08-03,6.87
2010-08-04,5.26
2010-08-05,6.65
2010-08-06,6.69
2010-08-07,6.53
2010-08-08,2.3
2010-08-09,3.52
2010-08-10,2.57
2010-08-11,6.37
2010-08-12,6.45
2010-08-13,6.65
2010-08-14,6.3
2010-08-15,5.01
2010-08-16,6.22
2010-08-17,6.56
2010-08-18,6.52
2010-08-19,6.44
2010-08-20,6.24
2010-08-21,6
2010-08-22,3.61
2010-08-23,4.72
2010-08-24,4.94
2010-08-25,5.3
2010-08-26,5.42
2010-08-27,6.29
2010-08-28,6.07
2010-08-29,4.14
2010-08-30,3.66
2010-08-31,5.73
2010-09-01,5.59
2010-09-02,6.02
2010-09-03,6.12
2010-09-04,4.77
2010-09-05,5.33
2010-09-06,5.13
2010-09-07,6.12
2010-09-08,5.98
2010-09-09,6.04
2010-09-10,4.77
2010-09-11,5.74
2010-09-12,4.94
2010-09-13,5.94
2010-09-14,5.15
2010-09-15,3.37
2010-09-16,1.93
2010-09-17,5.6
2010-09-18,5.1
2010-09-19,5.58
2010-09-20,5.24
2010-09-21,5.22
2010-09-22,5.56
2010-09-23,1.35
2010-09-24,4.17
2010-09-25,4.69
2010-09-26,4.14
2010-09-27,5.5
2010-09-28,2.92
2010-09-29,0.15
2010-09-30,4.68
2010-10-01,4.99
2010-10-02,4.97
2010-10-03,4.88
2010-10-04,4.85
2010-10-05,3.36
2010-10-06,4.35
2010-10-07,3.99
2010-10-08,4.38
2010-10-09,4.32
2010-10-10,4.33
2010-10-11,4.38
2010-10-12,0.53
2010-10-13,4.08
2010-10-14,0.74
2010-10-15,4.03
2010-10-16,3.91
2010-10-17,3.95
2010-10-18,3.55
2010-10-19,3.96
2010-10-20,2.88
2010-10-21,4.16
2010-10-22,3.97
2010-10-23,2.74
2010-10-24,4.48
2010-10-25,4.39
2010-10-26,3.59
2010-10-27,4.44
2010-10-28,4.4
2010-10-29,4.26
2010-10-30,3.75
2010-10-31,3.71
2010-11-01,4.06
2010-11-02,3.99
2010-11-03,2.7
2010-11-04,1.94
2010-11-05,3.32
2010-11-06,2.81
2010-11-07,2.57
2010-11-08,0.81
2010-11-09,2.61
2010-11-10,2.73
2010-11-11,2.76
2010-11-12,2.76
2010-11-13,2.82
2010-11-14,2.88
2010-11-15,2.76
2010-11-16,2.87
2010-11-17,2.97
2010-11-18,1.48
2010-11-19,2.63
2010-11-20,2.68
2010-11-21,2.95
2010-11-22,2.41
2010-11-23,2.78
2010-11-24,2.84
2010-11-25,2.27
2010-11-26,1.88
2010-11-27,2.08
2010-11-28,2.73
2010-11-29,3.03
2010-11-30,3
2010-12-01,2.4
2010-12-02,2.48
2010-12-03,2.16
2010-12-04,1.99
2010-12-05,2.05
2010-12-06,1.93
2010-12-07,1.84
2010-12-08,1.49
2010-12-09,0.35
2010-12-10,1.74
2010-12-11,2.02
2010-12-12,2.11
2010-12-13,1.72
2010-12-14,1.57
2010-12-15,1.3
2010-12-16,1.45
2010-12-17,1.77
2010-12-18,1.27
2010-12-19,2.18
2010-12-20,2.23
2010-12-21,1.89
2010-12-22,1.97
2010-12-23,2.01
2010-12-24,2.11
2010-12-25,2.04
2010-12-26,1.66
2010-12-27,1.84
2010-12-28,1.49
2010-12-29,1.21
2010-12-30,1.19
2010-12-31,1.78
2011-01-01,2.08
2011-01-02,2.58
2011-01-03,2.23
2011-01-04,2.41
2011-01-05,2.64
2011-01-06,1.87
2011-01-07,2.16
2011-01-08,2.09
2011-01-09,2.16
2011-01-10,2.24
2011-01-11,2.66
2011-01-12,1.05
2011-01-13,1.89
2011-01-14,1.89
2011-01-15,2.22
2011-01-16,2.29
2011-01-17,0.67
2011-01-18,2.95
2011-01-19,2.91
2011-01-20,2.98
2011-01-21,2.22
2011-01-22,1.04
2011-01-23,2.19
2011-01-24,1.32
2011-01-25,2.04
2011-01-26,1.74
2011-01-27,2.15
2011-01-28,2.16
2011-01-29,2.32
2011-01-30,2.56
2011-01-31,2.96
2011-02-01,3.2
2011-02-02,3.26
2011-02-03,3.41
2011-02-04,3.28
2011-02-05,3.56
2011-02-06,3.52
2011-02-07,3.51
2011-02-08,3.17
2011-02-09,2.92
2011-02-10,2.71
2011-02-11,1.76
2011-02-12,0.6
2011-02-13,2.74
2011-02-14,2.88
2011-02-15,2.82
2011-02-16,3.08
2011-02-17,3.62
2011-02-18,3.71
2011-02-19,3.71
2011-02-20,3.81
2011-02-21,3.8
2011-02-22,4.1
2011-02-23,3.8
2011-02-24,3.6
2011-02-25,4.18
2011-02-26,4.03
2011-02-27,4.34
2011-02-28,4.47
2011-03-01,4.31
2011-03-02,3.94
2011-03-03,3.88
2011-03-04,3.66
2011-03-05,4.37
2011-03-06,4.1
2011-03-07,4.4
2011-03-08,4.65
2011-03-09,4.75
2011-03-10,2.87
2011-03-11,3.92
2011-03-12,3.92
2011-03-13,3.99
2011-03-14,4.3
2011-03-15,4.47
2011-03-16,4.75
2011-03-17,4.71
2011-03-18,4.48
2011-03-19,4.6
2011-03-20,4.77
2011-03-21,5
2011-03-22,4.95
2011-03-23,4.98
2011-03-24,5.01
2011-03-25,5.25
2011-03-26,5.14
2011-03-27,5.34
2011-03-28,5.63
2011-03-29,5.54
2011-03-30,5.8
2011-03-31,5.88
2011-04-01,4.78
2011-04-02,5.45
2011-04-03,5.5
2011-04-04,5.89
2011-04-05,4.89
2011-04-06,4.96
2011-04-07,5.8
2011-04-08,6.06
2011-04-09,6.09
2011-04-10,5.93
2011-04-11,5.93
2011-04-12,5.88
2011-04-13,4.16
2011-04-14,5.6
2011-04-15,5.97
2011-04-16,6
2011-04-17,6.01
2011-04-18,5.98
2011-04-19,6.11
2011-04-20,6.27
2011-04-21,6.29
2011-04-22,6.31
2011-04-23,6.13
2011-04-24,6.36
2011-04-25,6.44
2011-04-26,6.31
2011-04-27,6.65
2011-04-28,6.62
2011-04-29,6.66
2011-04-30,3.59
2011-05-01,6.44
2011-05-02,6.41
2011-05-03,6.56
2011-05-04,6.45
2011-05-05,5.93
2011-05-06,5.63
2011-05-07,5.99
2011-05-08,6.03
2011-05-09,6.48
2011-05-10,6.72
2011-05-11,6.59
2011-05-12,3.76
2011-05-13,6.5
2011-05-14,6.67
2011-05-15,3.77
2011-05-16,6.31
2011-05-17,6.25
2011-05-18,6.16
2011-05-19,6.02
2011-05-20,6.64
2011-05-21,6.87
2011-05-22,6.82
2011-05-23,5.09
2011-05-24,6.57
2011-05-25,6.72
2011-05-26,6.53
2011-05-27,6.11
2011-05-28,5.47
2011-05-29,6.89
2011-05-30,6.25
2011-05-31,6.52
2011-06-01,6.63
2011-06-02,6.43
2011-06-03,6.85
2011-06-04,6.57
2011-06-05,7.02
2011-06-06,6.74
2011-06-07,6.68
2011-06-08,5.9
2011-06-09,3.55
2011-06-10,6.43
2011-06-11,6.53
2011-06-12,6.42
2011-06-13,6.95
2011-06-14,7.09
2011-06-15,6.68
2011-06-16,6.79
2011-06-17,7.19
2011-06-18,6.85
2011-06-19,5.39
2011-06-20,4.65
2011-06-21,6.35
2011-06-22,6.7
2011-06-23,7.07
2011-06-24,6.15
2011-06-25,6.11
2011-06-26,5.5
2011-06-27,5.86
2011-06-28,3.76
2011-06-29,2.14
2011-06-30,4.27
2011-07-01,5.01
2011-07-02,4.73
2011-07-03,6.73
2011-07-04,5.93
2011-07-05,6.2
2011-07-06,2.1
2011-07-07,1.86
2011-07-08,5.76
2011-07-09,5.4
2011-07-10,7.15
2011-07-11,6.57
2011-07-12,7.1
2011-07-13,7.16
2011-07-14,7.06
2011-07-15,6.87
2011-07-16,7.07
2011-07-17,6.49
2011-07-18,6.81
2011-07-19,5
2011-07-20,6.51
2011-07-21,6.94
2011-07-22,6.07
2011-07-23,7
2011-07-24,6.87
2011-07-25,6.97
2011-07-26,6.44
2011-07-27,4.2
2011-07-28,6.89
2011-07-29,6.93
2011-07-30,6.8
2011-07-31,6.93
2011-08-01,7.08
2011-08-02,6.4
2011-08-03,6.81
2011-08-04,6.87
2011-08-05,7.09
2011-08-06,5.62
2011-08-07,5.25
2011-08-08,2.97
2011-08-09,5.27
2011-08-10,3.85
2011-08-11,4.03
2011-08-12,4.97
2011-08-13,6.53
2011-08-14,6.28
2011-08-15,4.71
2011-08-16,5.72
2011-08-17,6.48
2011-08-18,5.94
2011-08-19,3.11
2011-08-20,5.5
2011-08-21,6.67
2011-08-22,5.91
2011-08-23,4.62
2011-08-24,6.32
2011-08-25,5.6
2011-08-26,6.48
2011-08-27,6.03
2011-08-28,4.79
2011-08-29,4.73
2011-08-30,3.17
2011-08-31,5.32
2011-09-01,3.68
2011-09-02,3.98
2011-09-03,5.45
2011-09-04,5.61
2011-09-05,6.4
2011-09-06,6.31
2011-09-07,6.19
2011-09-08,6.08
2011-09-09,6.07
2011-09-10,5.85
2011-09-11,6.08
2011-09-12,4.3
2011-09-13,4.56
2011-09-14,5.53
2011-09-15,5.42
2011-09-16,5.58
2011-09-17,5.77
2011-09-18,5.33
2011-09-19,5.85
2011-09-20,5.89
2011-09-21,5.38
2011-09-22,1.77
2011-09-23,5.85
2011-09-24,4.58
2011-09-25,3.28
2011-09-26,1.75
2011-09-27,5.24
2011-09-28,5.48
2011-09-29,4.49
2011-09-30,5.14
2011-10-01,5.14
2011-10-02,4.93
2011-10-03,4.33
2011-10-04,3.3
2011-10-05,4.83
2011-10-06,4.71
2011-10-07,3.48
2011-10-08,1.76
2011-10-09,4.64
2011-10-10,4.97
2011-10-11,5.04
2011-10-12,4.92
2011-10-13,4.95
2011-10-14,3.08
2011-10-15,0.52
2011-10-16,0.8
2011-10-17,1.14
2011-10-18,0.76
2011-10-19,0.46
2011-10-20,2.78
2011-10-21,3.53
2011-10-22,3.62
2011-10-23,2.89
2011-10-24,3.15
2011-10-25,3.61
2011-10-26,3.73
2011-10-27,2.87
2011-10-28,3.67
2011-10-29,4
2011-10-30,2.74
2011-10-31,1.83
2011-11-01,3.78
2011-11-02,3.46
2011-11-03,3.59
2011-11-04,3.52
2011-11-05,3.24
2011-11-06,2.89
2011-11-07,3.36
2011-11-08,3.36
2011-11-09,3.25
2011-11-10,3.1
2011-11-11,2.64
2011-11-12,2.78
2011-11-13,2.68
2011-11-14,3.16
2011-11-15,3.59
2011-11-16,3.6
2011-11-17,3.53
2011-11-18,2.24
2011-11-19,3.19
2011-11-20,3.11
2011-11-21,3.3
2011-11-22,3
2011-11-23,3
2011-11-24,2.7
2011-11-25,2.4
2011-11-26,2.65
2011-11-27,2.67
2011-11-28,2.9
2011-11-29,2.06
2011-11-30,2.41
2011-12-01,2.26
2011-12-02,1.84
2011-12-03,2.29
2011-12-04,2.55
2011-12-05,2.71
2011-12-06,2.61
2011-12-07,2.58
2011-12-08,2.02
2011-12-09,2.02
2011-12-10,2.85
2011-12-11,2.54
2011-12-12,2.71
2011-12-13,2.28
2011-12-14,2.44
2011-12-15,1.98
2011-12-16,2.58
2011-12-17,2.04
2011-12-18,2.22
2011-12-19,2.21
2011-12-20,2.31
2011-12-21,2.5
2011-12-22,2.62
2011-12-23,2.64
2011-12-24,2.78
2011-12-25,2.03
2011-12-26,2.66
2011-12-27,2.57
2011-12-28,1.9
2011-12-29,2.01
2011-12-30,2.06
2011-12-31,2.18
2012-01-01,2.17
2012-01-02,1.84
2012-01-03,1.65
2012-01-04,1.74
2012-01-05,1.72
2012-01-06,1.92
2012-01-07,2.03
2012-01-08,2.26
2012-01-09,2.31
2012-01-10,2.47
2012-01-11,1.04
2012-01-12,1.91
2012-01-13,1.88
2012-01-14,1.83
2012-01-15,1.88
2012-01-16,1.61
2012-01-17,2.5
2012-01-18,2.55
2012-01-19,2.33
2012-01-20,2.63
2012-01-21,2.66
2012-01-22,2.7
2012-01-23,2.96
2012-01-24,3.07
2012-01-25,3.07
2012-01-26,2.74
2012-01-27,3.29
2012-01-28,3.03
2012-01-29,1.66
2012-01-30,2.07
2012-01-31,2.91
2012-02-01,3.02
2012-02-02,2.69
2012-02-03,2.58
2012-02-04,3.13
2012-02-05,1.15
2012-02-06,2.12
2012-02-07,3.4
2012-02-08,1.21
2012-02-09,2.1
2012-02-10,3.29
2012-02-11,2.71
2012-02-12,2.51
2012-02-13,2.68
2012-02-14,3.22
2012-02-15,3.51
2012-02-16,3.53
2012-02-17,3.62
2012-02-18,3.65
2012-02-19,3.96
2012-02-20,3.92
2012-02-21,3.66
2012-02-22,3.51
2012-02-23,3.97
2012-02-24,4.18
2012-02-25,3.68
2012-02-26,3.13
2012-02-27,4.19
2012-02-28,4.3
2012-02-29,4.55
2012-03-01,4.54
2012-03-02,4.37
2012-03-03,4.59
2012-03-04,2.49
2012-03-05,3.86
2012-03-06,3.8
2012-03-07,2.9
2012-03-08,4.36
2012-03-09,4.72
2012-03-10,4.77
2012-03-11,4.73
2012-03-12,4.57
2012-03-13,4.52
2012-03-14,4.67
2012-03-15,3.1
2012-03-16,4.29
2012-03-17,4.9
2012-03-18,5.05
2012-03-19,5.01
2012-03-20,4.6
2012-03-21,5.09
2012-03-22,5.26
2012-03-23,5.28
2012-03-24,5.35
2012-03-25,4.28
2012-03-26,5.16
2012-03-27,4.71
2012-03-28,5.26
2012-03-29,5.28
2012-03-30,4.88
2012-03-31,4.93
2012-04-01,5.48
2012-04-02,5.42
2012-04-03,5.46
2012-04-04,5.74
2012-04-05,4.93
2012-04-06,5.52
2012-04-07,5.83
2012-04-08,5.53
2012-04-09,5.45
2012-04-10,5.53
2012-04-11,5.6
2012-04-12,5.64
2012-04-13,5.96
2012-04-14,3.93
2012-04-15,5.26
2012-04-16,5.39
2012-04-17,5.82
2012-04-18,6.05
2012-04-19,5.48
2012-04-20,6.33
2012-04-21,0.75
2012-04-22,5.64
2012-04-23,5.69
2012-04-24,5.48
2012-04-25,5.62
2012-04-26,5.89
2012-04-27,5.08
2012-04-28,2.76
2012-04-29,1.22
2012-04-30,1.35
2012-05-01,4.91
2012-05-02,6.11
2012-05-03,5.96
2012-05-04,6.02
2012-05-05,6.32
2012-05-06,6.46
2012-05-07,6.28
2012-05-08,6.15
2012-05-09,6.58
2012-05-10,6.52
2012-05-11,7.01
2012-05-12,6.07
2012-05-13,5.91
2012-05-14,6.35
2012-05-15,4.84
2012-05-16,2.61
2012-05-17,2.39
2012-05-18,6.61
2012-05-19,4.05
2012-05-20,5.69
2012-05-21,5.9
2012-05-22,5.68
2012-05-23,5.92
2012-05-24,4.29
2012-05-25,6.81
2012-05-26,6.57
2012-05-27,6.75
2012-05-28,7.01
2012-05-29,6.42
2012-05-30,6.62
2012-05-31,3.25
2012-06-01,2.58
2012-06-02,5.55
2012-06-03,6.44
2012-06-04,6.43
2012-06-05,5.21
2012-06-06,3.55
2012-06-07,5.45
2012-06-08,6.9
2012-06-09,6.74
2012-06-10,7.08
2012-06-11,6.89
2012-06-12,6.71
2012-06-13,6.7
2012-06-14,6.85
2012-06-15,5.95
2012-06-16,6.12
2012-06-17,6.92
2012-06-18,6.28
2012-06-19,2.6
2012-06-20,2.98
2012-06-21,4.87
2012-06-22,2.43
2012-06-23,3.11
2012-06-24,4.49
2012-06-25,4.58
2012-06-26,5.9
2012-06-27,7.01
2012-06-28,7.1
2012-06-29,7.13
2012-06-30,7.23
2012-07-01,7.12
2012-07-02,7
2012-07-03,6.97
2012-07-04,6.33
2012-07-05,6.56
2012-07-06,6.92
2012-07-07,5.23
2012-07-08,5.73
2012-07-09,4
2012-07-10,4.19
2012-07-11,2.95
2012-07-12,4.77
2012-07-13,6.72
2012-07-14,4.69
2012-07-15,4.93
2012-07-16,6.32
2012-07-17,6.14
2012-07-18,6.08
2012-07-19,7.01
2012-07-20,7.07
2012-07-21,6.82
2012-07-22,1.91
2012-07-23,6.63
2012-07-24,6.52
2012-07-25,6.76
2012-07-26,6.93
2012-07-27,7.04
2012-07-28,6.98
2012-07-29,6.79
2012-07-30,6.69
2012-07-31,6.84
2012-08-01,6.77
2012-08-02,6.72
2012-08-03,5.5
2012-08-04,6.28
2012-08-05,6.7
2012-08-06,4.32
2012-08-07,6.54
2012-08-08,6.78
2012-08-09,6.73
2012-08-10,4
2012-08-11,5.15
2012-08-12,6.65
2012-08-13,6.5
2012-08-14,6.62
2012-08-15,6.59
2012-08-16,4.99
2012-08-17,5.43
2012-08-18,5.54
2012-08-19,6.6
2012-08-20,6.71
2012-08-21,6.45
2012-08-22,6.18
2012-08-23,6.4
2012-08-24,2.97
2012-08-25,1.16
2012-08-26,1.76
2012-08-27,2.98
2012-08-28,6.18
2012-08-29,6.36
2012-08-30,6.09
2012-08-31,6.08
2012-09-01,6.29
2012-09-02,6.03
2012-09-03,4.74
2012-09-04,5.65
2012-09-05,5.1
2012-09-06,5.59
2012-09-07,6.07
2012-09-08,6.06
2012-09-09,6.12
2012-09-10,6.06
2012-09-11,4.88
2012-09-12,5.38
2012-09-13,3.71
2012-09-14,5.55
2012-09-15,5.44
2012-09-16,2.99
2012-09-17,5.52
2012-09-18,5.78
2012-09-19,4.61
2012-09-20,5.24
2012-09-21,4.37
2012-09-22,3.98
2012-09-23,4.32
2012-09-24,1.44
2012-09-25,3.57
2012-09-26,3.32
2012-09-27,4.34
2012-09-28,4.68
2012-09-29,5.26
2012-09-30,4.93
2012-10-01,4.53
2012-10-02,3.72
2012-10-03,5.28
2012-10-04,5.14
2012-10-05,5.18
2012-10-06,4.38
2012-10-07,4.66
2012-10-08,4.31
2012-10-09,4.61
2012-10-10,3.45
2012-10-11,4.94
2012-10-12,4.59
2012-10-13,4.12
2012-10-14,4.05
2012-10-15,4.68
2012-10-16,4.63
2012-10-17,3.31
2012-10-18,4.57
2012-10-19,4.39
2012-10-20,4.25
2012-10-21,4.09
2012-10-22,4.27
2012-10-23,4.09
2012-10-24,3.49
2012-10-25,1.67
2012-10-26,2.68
2012-10-27,3.78
2012-10-28,3.43
2012-10-29,3.29
2012-10-30,3.17
2012-10-31,3.07
2012-11-01,3.17
2012-11-02,3.01
2012-11-03,3.1
2012-11-04,3.35
2012-11-05,2.77
2012-11-06,2.86
2012-11-07,3.1
2012-11-08,2.61
2012-11-09,2.71
2012-11-10,2.01
2012-11-11,2.93
2012-11-12,3.15
2012-11-13,2.6
2012-11-14,2.84
2012-11-15,3.12
2012-11-16,3.06
2012-11-17,2.95
2012-11-18,2.77
2012-11-19,2.85
2012-11-20,1.17
2012-11-21,2.54
2012-11-22,2.41
2012-11-23,2.49
2012-11-24,2.42
2012-11-25,2.31
2012-11-26,2.39
2012-11-27,2.38
2012-11-28,2.2
2012-11-29,1.55
2012-11-30,1.75
2012-12-01,2.41
2012-12-02,2.55
2012-12-03,2.57
2012-12-04,1.91
2012-12-05,2.06
2012-12-06,2.34
2012-12-07,2.65
2012-12-08,2.51
2012-12-09,2.72
2012-12-10,2.79
2012-12-11,2.85
2012-12-12,2.34
2012-12-13,2.49
2012-12-14,2.49
2012-12-15,2.21
2012-12-16,2.36
2012-12-17,2.5
2012-12-18,2.5
2012-12-19,2.52
2012-12-20,2.52
2012-12-21,1.92
2012-12-22,1.62
2012-12-23,1.69
2012-12-24,2.12
2012-12-25,2.2
2012-12-26,2.4
2012-12-27,2.09
2012-12-28,2.01
2012-12-29,2.13
2012-12-30,2.07
2012-12-31,2.02
2013-01-01,1.92
2013-01-02,2.51
2013-01-03,2.59
2013-01-04,2.74
2013-01-05,2.59
2013-01-06,2.65
2013-01-07,2.77
2013-01-08,2.48
2013-01-09,2.73
2013-01-10,2.65
2013-01-11,2.75
2013-01-12,2.91
2013-01-13,2.69
2013-01-14,2.67
2013-01-15,2.79
2013-01-16,2.41
2013-01-17,1.4
2013-01-18,2.13
2013-01-19,2.39
2013-01-20,2.8
2013-01-21,2.78
2013-01-22,2.76
2013-01-23,1.96
2013-01-24,2.68
2013-01-25,2.65
2013-01-26,2.67
2013-01-27,2.52
2013-01-28,3.08
2013-01-29,3.06
2013-01-30,3.03
2013-01-31,2.27
2013-02-01,2.83
2013-02-02,2.89
2013-02-03,2.86
2013-02-04,2.78
2013-02-05,2.98
2013-02-06,3.22
2013-02-07,3.4
2013-02-08,3.4
2013-02-09,3.59
2013-02-10,3.42
2013-02-11,3.52
2013-02-12,3.68
2013-02-13,3.88
2013-02-14,3.73
2013-02-15,1.43
2013-02-16,2.61
2013-02-17,2.82
2013-02-18,2.94
2013-02-19,3
2013-02-20,2.92
2013-02-21,4.18
2013-02-22,4.31
2013-02-23,4.32
2013-02-24,4.47
2013-02-25,3.99
2013-02-26,3.04
2013-02-27,3.38
2013-02-28,2.55
2013-03-01,0.66
2013-03-02,1.38
2013-03-03,3.08
2013-03-04,3.42
2013-03-05,3.67
2013-03-06,3.75
2013-03-07,3.83
2013-03-08,3.87
2013-03-09,3.87
2013-03-10,3.83
2013-03-11,3.7
2013-03-12,4.2
2013-03-13,4.32
2013-03-14,4.01
2013-03-15,4.1
2013-03-16,3.9
2013-03-17,4.12
2013-03-18,3.18
2013-03-19,2.05
2013-03-20,5.04
2013-03-21,4.53
2013-03-22,4.24
2013-03-23,5.36
2013-03-24,5.59
2013-03-25,3.79
2013-03-26,3.85
2013-03-27,4.24
2013-03-28,4.48
2013-03-29,4.53
2013-03-30,4.87
2013-03-31,5.06
2013-04-01,5.24
2013-04-02,5.58
2013-04-03,5.25
2013-04-04,4.41
2013-04-05,0.82
2013-04-06,5.39
2013-04-07,5.25
2013-04-08,5.68
2013-04-09,5.32
2013-04-10,5.77
2013-04-11,4.82
2013-04-12,6.1
2013-04-13,4.68
2013-04-14,6.13
2013-04-15,5.64
2013-04-16,6.18
2013-04-17,4.98
2013-04-18,6.18
2013-04-19,6.15
2013-04-20,5.67
2013-04-21,4.55
2013-04-22,4.79
2013-04-23,6.28
2013-04-24,6.21
2013-04-25,6.09
2013-04-26,6
2013-04-27,6.05
2013-04-28,6.09
2013-04-29,4.23
2013-04-30,6.24
2013-05-01,3.67
2013-05-02,2.4
2013-05-03,5.62
2013-05-04,6.51
2013-05-05,6.34
2013-05-06,6.19
2013-05-07,6.2
2013-05-08,6.14
2013-05-09,6.37
2013-05-10,6.83
2013-05-11,6.7
2013-05-12,6.64
2013-05-13,6.21
2013-05-14,6.4
2013-05-15,6.09
2013-05-16,6.39
2013-05-17,6.42
2013-05-18,5.99
2013-05-19,6.85
2013-05-20,4.2
2013-05-21,6.53
2013-05-22,0
2013-05-23,6.97
2013-05-24,6.2
2013-05-25,6.86
2013-05-26,5.88
2013-05-27,5.55
2013-05-28,2.36
2013-05-29,0.69
2013-05-30,4.7
2013-05-31,5.66
2013-06-01,4.34
2013-06-02,4.97
2013-06-03,2.39
2013-06-04,1.36
2013-06-05,1.95
2013-06-06,5.46
2013-06-07,6.43
2013-06-08,6.62
2013-06-09,6.19
2013-06-10,7.14
2013-06-11,5.87
2013-06-12,3.18
2013-06-13,6.7
2013-06-14,7.06
2013-06-15,6.71
2013-06-16,7.21
2013-06-17,5.61
2013-06-18,6.98
2013-06-19,7.02
2013-06-20,7.09
2013-06-21,7.03
2013-06-22,7.12
2013-06-23,5.51
2013-06-24,6.95
2013-06-25,7.13
2013-06-26,6.25
2013-06-27,4.77
2013-06-28,6.87
2013-06-29,6.98
2013-06-30,6.8
2013-07-01,4.57
2013-07-02,3.83
2013-07-03,5.17
2013-07-04,6.65
2013-07-05,3.85
2013-07-06,6.06
2013-07-07,6.82
2013-07-08,6.99
2013-07-09,5.53
2013-07-10,6.61
2013-07-11,6.76
2013-07-12,6.67
2013-07-13,5.63
2013-07-14,5.45
2013-07-15,4.99
2013-07-16,1.67
2013-07-17,3.47
2013-07-18,2.56
2013-07-19,4.99
2013-07-20,5.83
2013-07-21,6.2
2013-07-22,6.9
2013-07-23,6.83
2013-07-24,6.75
2013-07-25,6.74
2013-07-26,6.57
2013-07-27,4.42
2013-07-28,6.77
2013-07-29,6.23
2013-07-30,5.54
2013-07-31,6.41
2013-08-01,6.73
2013-08-02,6.05
2013-08-03,5.47
2013-08-04,5.34
2013-08-05,4.53
2013-08-06,5.42
2013-08-07,6.07
2013-08-08,6.48
2013-08-09,5.57
2013-08-10,6.48
2013-08-11,6.73
2013-08-12,6.35
2013-08-13,6.64
2013-08-14,6.47
2013-08-15,3.83
2013-08-16,6.17
2013-08-17,6.62
2013-08-18,6.32
2013-08-19,6.4
2013-08-20,4.93
2013-08-21,6.15
2013-08-22,6.18
2013-08-23,6.31
2013-08-24,6
2013-08-25,5.16
2013-08-26,2.86
2013-08-27,2.31
2013-08-28,3.72
2013-08-29,5.79
2013-08-30,4.72
2013-08-31,5.63
2013-09-01,6.17
2013-09-02,4.56
2013-09-03,5.38
2013-09-04,5.24
2013-09-05,6.2
2013-09-06,5.99
2013-09-07,2.09
2013-09-08,5.58
2013-09-09,4.84
2013-09-10,5.95
2013-09-11,3.9
2013-09-12,4.23
2013-09-13,5.77
2013-09-14,5.41
2013-09-15,2.07
2013-09-16,0.77
2013-09-17,2.7
2013-09-18,2.92
2013-09-19,5.48
2013-09-20,5.53
2013-09-21,5.62
2013-09-22,5.44
2013-09-23,4.6
2013-09-24,4.9
2013-09-25,5.3
2013-09-26,5.56
2013-09-27,5.72
2013-09-28,4.8
2013-09-29,5.03
2013-09-30,5.22
2013-10-01,5.12
2013-10-02,5.01
2013-10-03,3.79
2013-10-04,4.84
2013-10-05,4.28
2013-10-06,4.86
2013-10-07,4.76
2013-10-08,4.83
2013-10-09,3.49
2013-10-10,3.94
2013-10-11,4.85
2013-10-12,4.58
2013-10-13,4.33
2013-10-14,4.44
2013-10-15,4.52
2013-10-16,4.4
2013-10-17,4.47
2013-10-18,4.3
2013-10-19,3.73
2013-10-20,4.46
2013-10-21,4.54
2013-10-22,4.28
2013-10-23,3.38
2013-10-24,2.14
2013-10-25,3.05
2013-10-26,3.54
2013-10-27,3.83
2013-10-28,3.91
2013-10-29,3.88
2013-10-30,3.77
2013-10-31,3.89
2013-11-01,3.93
2013-11-02,3.66
2013-11-03,3.2
2013-11-04,3.11
2013-11-05,1.75
2013-11-06,3.37
2013-11-07,3.35
2013-11-08,2.86
2013-11-09,3.28
2013-11-10,2.84
2013-11-11,3.07
2013-11-12,2.95
2013-11-13,2.04
2013-11-14,2.63
2013-11-15,1.62
2013-11-16,2.57
2013-11-17,3.2
2013-11-18,3.06
2013-11-19,2.73
2013-11-20,3.14
2013-11-21,3.13
2013-11-22,1.58
2013-11-23,3.01
2013-11-24,2.98
2013-11-25,1.76
2013-11-26,2.57
2013-11-27,2.21
2013-11-28,2.12
2013-11-29,1.53
2013-11-30,2.52
2013-12-01,2.66
2013-12-02,2.43
2013-12-03,2.51
2013-12-04,2.7
2013-12-05,2.68
2013-12-06,2.87
2013-12-07,2.69
2013-12-08,2.86
2013-12-09,2.77
2013-12-10,2.75
2013-12-11,2.68
2013-12-12,2.56
2013-12-13,2.31
2013-12-14,2.56
2013-12-15,2.54
2013-12-16,1.99
2013-12-17,2.13
2013-12-18,2.42
2013-12-19,2.39
2013-12-20,2.4
2013-12-21,2.78
2013-12-22,2.56
2013-12-23,2.82
2013-12-24,2.56
2013-12-25,1.89
2013-12-26,1.68
2013-12-27,1.81
2013-12-28,1.47
2013-12-29,0.73
2013-12-30,1.76
2013-12-31,1.34
2014-01-01,2.46
2014-01-02,2.73
2014-01-03,1.81
2014-01-04,0.47
2014-01-05,1.49
2014-01-06,2.13
2014-01-07,1.09
2014-01-08,0.87
2014-01-09,1.26
2014-01-10,2.53
2014-01-11,2.99
2014-01-12,2.53
2014-01-13,2.87
2014-01-14,2.75
2014-01-15,1.62
2014-01-16,1.95
2014-01-17,1.68
2014-01-18,2
2014-01-19,2
2014-01-20,2.34
2014-01-21,0.83
2014-01-22,2.18
2014-01-23,2.17
2014-01-24,2.34
2014-01-25,2.39
2014-01-26,2.64
2014-01-27,2.87
2014-01-28,3.03
2014-01-29,2.73
2014-01-30,1.25
2014-01-31,2.84
2014-02-01,3.35
2014-02-02,3.43
2014-02-03,3.63
2014-02-04,3.51
2014-02-05,3.61
2014-02-06,3.61
2014-02-07,3.51
2014-02-08,3.56
2014-02-09,3.03
2014-02-10,3.67
2014-02-11,3.68
2014-02-12,3.01
2014-02-13,3.03
2014-02-14,3.05
2014-02-15,2.97
2014-02-16,3.07
2014-02-17,3.52
2014-02-18,3.68
2014-02-19,3.71
2014-02-20,4.07
2014-02-21,4.21
2014-02-22,4.22
2014-02-23,4.17
2014-02-24,4
2014-02-25,4.38
2014-02-26,4.12
2014-02-27,3
2014-02-28,2.68
2014-03-01,4.05
2014-03-02,4.11
2014-03-03,4.22
2014-03-04,4.17
2014-03-05,4.18
2014-03-06,3.28
2014-03-07,4.35
2014-03-08,4.22
2014-03-09,4.1
2014-03-10,4.32
2014-03-11,4.45
2014-03-12,4.76
2014-03-13,4.67
2014-03-14,4.01
2014-03-15,4.52
2014-03-16,4.78
2014-03-17,4.89
2014-03-18,2.91
2014-03-19,4.89
2014-03-20,4.86
2014-03-21,4.96
2014-03-22,4.52
2014-03-23,5.23
2014-03-24,4.66
2014-03-25,4.03
2014-03-26,4.91
2014-03-27,3.86
2014-03-28,4.23
2014-03-29,3.72
2014-03-30,5.13
2014-03-31,4.2
2014-04-01,5.38
2014-04-02,5.33
2014-04-03,5.28
2014-04-04,5.24
2014-04-05,5.66
2014-04-06,5.43
2014-04-07,5.78
2014-04-08,5.43
2014-04-09,4.83
2014-04-10,5.12
2014-04-11,4.09
2014-04-12,5.77
2014-04-13,6
2014-04-14,6.02
2014-04-15,5.82
2014-04-16,4.16
2014-04-17,5.76
2014-04-18,5.86
2014-04-19,5.57
2014-04-20,5.7
2014-04-21,5.64
2014-04-22,5.88
2014-04-23,5.97
2014-04-24,5.92
2014-04-25,6.1
2014-04-26,6.26
2014-04-27,6.28
2014-04-28,6.2
2014-04-29,6.78
2014-04-30,6.18
2014-05-01,6.12
2014-05-02,5.91
2014-05-03,5.39
2014-05-04,6.22
2014-05-05,6.17
2014-05-06,6.31
2014-05-07,6.42
2014-05-08,6.53
2014-05-09,6.54
2014-05-10,6.14
2014-05-11,5.84
2014-05-12,6.27
2014-05-13,6.32
2014-05-14,5.59
2014-05-15,5.44
2014-05-16,3.25
2014-05-17,6.21
2014-05-18,6.25
2014-05-19,6.28
2014-05-20,6.4
2014-05-21,6.4
2014-05-22,6.47
2014-05-23,6.55
2014-05-24,6.66
2014-05-25,5.91
2014-05-26,6.55
2014-05-27,6.23
2014-05-28,6
2014-05-29,5.36
2014-05-30,6.43
2014-05-31,6.2
2014-06-01,5.87
2014-06-02,2.34
2014-06-03,2.11
2014-06-04,4.77
2014-06-05,6.61
2014-06-06,6.43
2014-06-07,5.01
2014-06-08,5.93
2014-06-09,6.56
2014-06-10,5.79
2014-06-11,6.46
2014-06-12,5.18
2014-06-13,5.95
2014-06-14,6.6
2014-06-15,6.61
2014-06-16,6.68
2014-06-17,4.45
2014-06-18,6.39
2014-06-19,5.97
2014-06-20,5.66
2014-06-21,5.56
2014-06-22,6.66
2014-06-23,6.06
2014-06-24,6.24
2014-06-25,6.31
2014-06-26,4.11
2014-06-27,6.48
2014-06-28,6.77
2014-06-29,6.57
2014-06-30,5.22
2014-07-01,4.62
2014-07-02,5.54
2014-07-03,6.78
2014-07-04,6.57
2014-07-05,4
2014-07-06,5.45
2014-07-07,5.78
2014-07-08,5.81
2014-07-09,3.77
2014-07-10,5.02
2014-07-11,6.36
2014-07-12,6.73
2014-07-13,6.72
2014-07-14,5.89
2014-07-15,4.01
2014-07-16,6.53
2014-07-17,6
2014-07-18,4.67
2014-07-19,6.78
2014-07-20,6.5
2014-07-21,3.93
2014-07-22,4.78
2014-07-23,6.25
2014-07-24,6.74
2014-07-25,6.76
2014-07-26,6.82
2014-07-27,6.77
2014-07-28,6.72
2014-07-29,6.22
2014-07-30,5.6
2014-07-31,6.63
2014-08-01,6.66
2014-08-02,5.4
2014-08-03,1.8
2014-08-04,3.27
2014-08-05,6.66
2014-08-06,6.49
2014-08-07,6.62
2014-08-08,5.54
2014-08-09,6.7
2014-08-10,6.62
2014-08-11,6.5
2014-08-12,6.53
2014-08-13,6.54
2014-08-14,6.53
2014-08-15,6.22
2014-08-16,6.57
2014-08-17,6.56
2014-08-18,6.52
2014-08-19,6.36
2014-08-20,5.91
2014-08-21,5.37
2014-08-22,6.43
2014-08-23,5.9
2014-08-24,6.3
2014-08-25,5.1
2014-08-26,6.22
2014-08-27,6.28
2014-08-28,5.25
2014-08-29,6.28
2014-08-30,6.02
2014-08-31,6.19
2014-09-01,6.14
2014-09-02,5.98
2014-09-03,5.58
2014-09-04,5.15
2014-09-05,6
2014-09-06,5.11
2014-09-07,3.65
2014-09-08,5.81
2014-09-09,5.72
2014-09-10,2.16
2014-09-11,4.8
2014-09-12,2.55
2014-09-13,3.43
2014-09-14,4.48
2014-09-15,5.57
2014-09-16,5.26
2014-09-17,4.84
2014-09-18,3.04
2014-09-19,2.58
2014-09-20,3.54
2014-09-21,4.31
2014-09-22,2.18
2014-09-23,2.52
2014-09-24,3.39
2014-09-25,4.4
2014-09-26,4.11
2014-09-27,5.21
2014-09-28,5.05
2014-09-29,4.85
2014-09-30,4.79
2014-10-01,5.35
2014-10-02,5.23
2014-10-03,5.3
2014-10-04,4.96
2014-10-05,4.6
2014-10-06,4.58
2014-10-07,4.42
2014-10-08,4.14
2014-10-09,4.62
2014-10-10,4.37
2014-10-11,4.9
2014-10-12,4.8
2014-10-13,4.55
2014-10-14,4.65
2014-10-15,4.5
2014-10-16,4.6
2014-10-17,4.18
2014-10-18,4.04
2014-10-19,4.16
2014-10-20,1.84
2014-10-21,0.89
2014-10-22,1.86
2014-10-23,1.91
2014-10-24,1.74
2014-10-25,4.07
2014-10-26,3.81
2014-10-27,3.74
2014-10-28,3.84
2014-10-29,3.85
2014-10-30,3.63
2014-10-31,3.6
2014-11-01,3.2
2014-11-02,2.83
2014-11-03,2.64
2014-11-04,3.1
2014-11-05,2.63
2014-11-06,3.4
2014-11-07,3.26
2014-11-08,3.17
2014-11-09,1.53
2014-11-10,2.94
2014-11-11,3.01
2014-11-12,3.03
2014-11-13,3.19
2014-11-14,3.06
2014-11-15,3.06
2014-11-16,3.14
2014-11-17,3.1
2014-11-18,2.35
2014-11-19,0.91
2014-11-20,1.87
2014-11-21,1.14
2014-11-22,1.61
2014-11-23,2.93
2014-11-24,3.26
2014-11-25,3.05
2014-11-26,2.21
2014-11-27,2.41
2014-11-28,2.13
2014-11-29,2.18
2014-11-30,2.35
2014-12-01,2.64
2014-12-02,2.42
2014-12-03,2.77
2014-12-04,2.5
2014-12-05,2.76
2014-12-06,2.69
2014-12-07,2.63
2014-12-08,2.4
2014-12-09,1.56
2014-12-10,1.97
2014-12-11,1.87
2014-12-12,1.82
2014-12-13,1.96
2014-12-14,2.02
2014-12-15,2.01
2014-12-16,2.07
2014-12-17,2.08
2014-12-18,2.18
2014-12-19,2.16
2014-12-20,2.06
2014-12-21,1.97
2014-12-22,2.39
2014-12-23,2.6
2014-12-24,2.26
2014-12-25,1.53
2014-12-26,1.66
2014-12-27,2.07
2014-12-28,2.64
2014-12-29,2.59
2014-12-30,2.51
2014-12-31,2.23
2015-01-01,2.39
2015-01-02,2.75
2015-01-03,2.7
2015-01-04,2.65
2015-01-05,2.89
2015-01-06,2.83
2015-01-07,2.48
2015-01-08,2.17
2015-01-09,2.07
2015-01-10,2.15
2015-01-11,2.28
2015-01-12,2.04
2015-01-13,2.89
2015-01-14,2.35
2015-01-15,2.47
2015-01-16,2.29
2015-01-17,2.52
2015-01-18,1.98
2015-01-19,2.44
2015-01-20,1.17
2015-01-21,2.84
2015-01-22,2.98
2015-01-23,2.83
2015-01-24,1.37
2015-01-25,2.48
2015-01-26,1.94
2015-01-27,2.48
2015-01-28,2.37
2015-01-29,2.41
2015-01-30,2.64
2015-01-31,2.74
2015-02-01,2.76
2015-02-02,2.99
2015-02-03,2.91
2015-02-04,2.73
2015-02-05,0.9
2015-02-06,2.77
2015-02-07,2.88
2015-02-08,3.18
2015-02-09,2.36
2015-02-10,2.99
2015-02-11,3.05
2015-02-12,2.69
2015-02-13,3.03
2015-02-14,2.51
2015-02-15,2.92
2015-02-16,3.13
2015-02-17,3.52
2015-02-18,1.08
2015-02-19,2.83
2015-02-20,2.69
2015-02-21,2.32
2015-02-22,3.58
2015-02-23,4.05
2015-02-24,4.07
2015-02-25,3.97
2015-02-26,4.13
2015-02-27,4.06
2015-02-28,4.26
2015-03-01,4.2
2015-03-02,4.36
2015-03-03,4.15
2015-03-04,4.43
2015-03-05,4.6
2015-03-06,4.53
2015-03-07,3.03
2015-03-08,2.27
2015-03-09,4.73
2015-03-10,4.83
2015-03-11,4.61
2015-03-12,4.68
2015-03-13,4.57
2015-03-14,4.83
2015-03-15,4.9
2015-03-16,4.33
2015-03-17,4.96
2015-03-18,4.91
2015-03-19,4.84
2015-03-20,4.86
2015-03-21,5
2015-03-22,4.93
2015-03-23,4.76
2015-03-24,5.16
2015-03-25,4.96
2015-03-26,5.08
2015-03-27,4.94
2015-03-28,3.48
2015-03-29,4.76
2015-03-30,4.54
2015-03-31,4.82
2015-04-01,5.12
2015-04-02,5.22
2015-04-03,5.32
2015-04-04,5.61
2015-04-05,5.49
2015-04-06,5.47
2015-04-07,5.28
2015-04-08,5.6
2015-04-09,5.96
2015-04-10,5.98
2015-04-11,5.95
2015-04-12,5.5
2015-04-13,5.87
2015-04-14,6.07
2015-04-15,6
2015-04-16,6.02
2015-04-17,6.06
2015-04-18,6.22
2015-04-19,5.99
2015-04-20,5.93
2015-04-21,3.17
2015-04-22,3.29
2015-04-23,5.14
2015-04-24,5.4
2015-04-25,6.48
2015-04-26,6.66
2015-04-27,6.59
2015-04-28,3.41
2015-04-29,0.68
2015-04-30,3.54
2015-05-01,6.27
2015-05-02,5.52
2015-05-03,5.79
2015-05-04,3.7
2015-05-05,2.97
2015-05-06,5.88
2015-05-07,6.56
2015-05-08,6.53
2015-05-09,6.3
2015-05-10,6.54
2015-05-11,6.7
2015-05-12,6.72
2015-05-13,6.63
2015-05-14,6.56
2015-05-15,6.62
2015-05-16,6.66
2015-05-17,6.67
2015-05-18,6.64
2015-05-19,6.52
2015-05-20,6.59
2015-05-21,6.1
2015-05-22,6.59
2015-05-23,6.41
2015-05-24,6.74
2015-05-25,6.74
2015-05-26,6.95
2015-05-27,6.55
2015-05-28,5.87
2015-05-29,6.76
2015-05-30,6.78
2015-05-31,6.44
2015-06-01,5.71
2015-06-02,2.01
2015-06-03,4.79
2015-06-04,5.74
2015-06-05,3.32
2015-06-06,4.13
2015-06-07,6.43
2015-06-08,6.51
2015-06-09,5.49
2015-06-10,6.2
2015-06-11,4.92
2015-06-12,6.07
2015-06-13,6.26
2015-06-14,5.76
2015-06-15,4.65
2015-06-16,6.84
2015-06-17,6.83
2015-06-18,6.88
2015-06-19,6.85
2015-06-20,6.7
2015-06-21,6.5
2015-06-22,6.76
2015-06-23,6.85
2015-06-24,6.8
2015-06-25,6.36
2015-06-26,5.74
2015-06-27,5.92
2015-06-28,6.85
2015-06-29,6.79
2015-06-30,6.58
2015-07-01,6.54
2015-07-02,6.44
2015-07-03,5.62
2015-07-04,6.67
2015-07-05,6.62
2015-07-06,6.21
2015-07-07,6.39
2015-07-08,6.55
2015-07-09,6.6
2015-07-10,6.66
2015-07-11,6.68
2015-07-12,6.49
2015-07-13,5.99
2015-07-14,6.36
2015-07-15,4.87
2015-07-16,3.31
2015-07-17,6.43
2015-07-18,5.99
2015-07-19,6.54
2015-07-20,6.45
2015-07-21,6.54
2015-07-22,4.85
2015-07-23,6.25
2015-07-24,6.02
2015-07-25,2.82
2015-07-26,3.55
2015-07-27,6.55
2015-07-28,6.58
2015-07-29,5.17
2015-07-30,5.57
2015-07-31,5.26
2015-08-01,4.97
2015-08-02,4.79
2015-08-03,5.39
2015-08-04,6.45
2015-08-05,6.58
2015-08-06,6.65
2015-08-07,6.68
2015-08-08,6.44
2015-08-09,6.47
2015-08-10,6.29
2015-08-11,6.52
2015-08-12,6.36
2015-08-13,5.76
2015-08-14,5.73
2015-08-15,2.54
2015-08-16,6.32
2015-08-17,6.43
2015-08-18,4.92
2015-08-19,6.41
2015-08-20,6.14
2015-08-21,4.86
2015-08-22,5.97
2015-08-23,6.12
2015-08-24,5.33
2015-08-25,6.14
2015-08-26,4.29
2015-08-27,3.14
2015-08-28,6.07
2015-08-29,5.94
2015-08-30,1.98
2015-08-31,6.08
2015-09-01,6.14
2015-09-02,6.18
2015-09-03,6.11
2015-09-04,5.24
2015-09-05,5.09
2015-09-06,5.52
2015-09-07,4.35
2015-09-08,5.77
2015-09-09,5.37
2015-09-10,4.5
2015-09-11,5.5
2015-09-12,5.54
2015-09-13,5.17
2015-09-14,4.29
2015-09-15,2.75
2015-09-16,1.04
2015-09-17,2.94
2015-09-18,4.84
2015-09-19,5.44
2015-09-20,4.92
2015-09-21,5.09
2015-09-22,4.34
2015-09-23,3.59
2015-09-24,3.63
2015-09-25,5.23
2015-09-26,4.98
2015-09-27,1.93
2015-09-28,4.72
2015-09-29,3.31
2015-09-30,4.97
2015-10-01,5.24
2015-10-02,5.02
2015-10-03,5.1
2015-10-04,4.44
2015-10-05,4.3
2015-10-06,4.54
2015-10-07,4.27
2015-10-08,4.79
2015-10-09,4.67
2015-10-10,4.8
2015-10-11,3.78
2015-10-12,4.62
2015-10-13,4.63
2015-10-14,4.52
2015-10-15,3.16
2015-10-16,1.49
2015-10-17,2.47
2015-10-18,3.29
2015-10-19,3.3
2015-10-20,3.59
2015-10-21,4.13
2015-10-22,3.95
2015-10-23,3.48
2015-10-24,4.12
2015-10-25,3.67
2015-10-26,3.9
2015-10-27,3.65
2015-10-28,2.5
2015-10-29,4.15
2015-10-30,3.76
2015-10-31,3.92
2015-11-01,4
2015-11-02,3.99
2015-11-03,3.78
2015-11-04,3.77
2015-11-05,3.75
2015-11-06,3.79
2015-11-07,3.71
2015-11-08,3.79
2015-11-09,3.68
2015-11-10,3.62
2015-11-11,3.65
2015-11-12,3.63
2015-11-13,3.49
2015-11-14,2.61
2015-11-15,1.04
2015-11-16,0.68
2015-11-17,3.27
2015-11-18,3.31
2015-11-19,2.99
2015-11-20,2.15
2015-11-21,1.77
2015-11-22,3.07
2015-11-23,2.87
2015-11-24,2.54
2015-11-25,2.53
2015-11-26,2.65
2015-11-27,2.58
2015-11-28,2.61
2015-11-29,2.09
2015-11-30,2.75
2015-12-01,2.55
2015-12-02,2.57
2015-12-03,1.7
2015-12-04,0.72
2015-12-05,1.33
2015-12-06,2.19
2015-12-07,1.13
2015-12-08,0.84
2015-12-09,2.44
2015-12-10,1.89
2015-12-11,2.71
2015-12-12,2.71
2015-12-13,2.28
2015-12-14,2.33
2015-12-15,2.72
2015-12-16,2.68
2015-12-17,2.68
2015-12-18,2.37
2015-12-19,1.43
2015-12-20,1.32
2015-12-21,2.65
2015-12-22,1.81
2015-12-23,2.55
2015-12-24,2.78
2015-12-25,2.61
2015-12-26,2.71
2015-12-27,2.4
2015-12-28,2.75
2015-12-29,2.89
2015-12-30,2.85
2015-12-31,2.84
